Filename,File Size,Creation Date,Width,Height,DPI_X,DPI_Y,Original Path
Roboto-Slab-Bold.woff,85.57 KB,11-25-25,/Users/steven/docs_seo/_build/html/_static/css/fonts
Roboto-Slab-Bold.woff2,65.73 KB,11-25-25,/Users/steven/docs_seo/_build/html/_static/css/fonts
Roboto-Slab-Regular.woff,84.27 KB,11-25-25,/Users/steven/docs_seo/_build/html/_static/css/fonts
Roboto-Slab-Regular.woff2,64.89 KB,11-25-25,/Users/steven/docs_seo/_build/html/_static/css/fonts
_sphinx_javascript_frameworks_compat.js,4.19 KB,11-25-25,/Users/steven/docs_seo/_build/html/_static
aeo_seo_guide.html,21.42 KB,11-25-25,/Users/steven/docs_seo/_build/html
aeo_seo_guide.rst.txt,8.85 KB,11-25-25,/Users/steven/docs_seo/_build/html/_sources
api_reference.html,223.98 KB,11-25-25,/Users/steven/docs_seo/_build/html
api_reference.rst.txt,1.63 KB,11-25-25,/Users/steven/docs_seo/_build/html/_sources
badge_only.css,3.25 KB,11-25-25,/Users/steven/docs_seo/_build/html/_static/css
badge_only.js,934.00 B,11-25-25,/Users/steven/docs_seo/_build/html/_static/js
basic.css,14.34 KB,11-25-25,/Users/steven/docs_seo/_build/html/_static
doctools.js,4.22 KB,11-25-25,/Users/steven/docs_seo/_build/html/_static
documentation_options.js,328.00 B,11-25-25,/Users/steven/docs_seo/_build/html/_static
examples.html,36.28 KB,11-25-25,/Users/steven/docs_seo/_build/html
examples.rst.txt,7.39 KB,11-25-25,/Users/steven/docs_seo/_build/html/_sources
file.png,286.00 B,11-25-25,16,16,,,/Users/steven/docs_seo/_build/html/_static/file.png
fontawesome-webfont.eot,161.86 KB,11-25-25,/Users/steven/docs_seo/_build/html/_static/css/fonts
fontawesome-webfont.ttf,161.67 KB,11-25-25,/Users/steven/docs_seo/_build/html/_static/css/fonts
fontawesome-webfont.woff,95.73 KB,11-25-25,/Users/steven/docs_seo/_build/html/_static/css/fonts
fontawesome-webfont.woff2,75.35 KB,11-25-25,/Users/steven/docs_seo/_build/html/_static/css/fonts
genindex.html,30.68 KB,11-25-25,/Users/steven/docs_seo/_build/html
hot_trending_content_engine.html,134.26 KB,11-25-25,/Users/steven/docs_seo/_build/html
hot_trending_content_engine.html,225.38 KB,11-25-25,/Users/steven/docs_seo/_build/html/_modules
hot_trending_content_engine.rst.txt,5.81 KB,11-25-25,/Users/steven/docs_seo/_build/html/_sources
index.html,33.96 KB,11-25-25,/Users/steven/docs_seo/_build/html
index.html,4.43 KB,11-25-25,/Users/steven/docs_seo/_build/html/_modules
index.rst.txt,2.89 KB,11-25-25,/Users/steven/docs_seo/_build/html/_sources
jquery.js,87.40 KB,11-25-25,/Users/steven/docs_seo/_build/html/_static
language_data.js,4.49 KB,11-25-25,/Users/steven/docs_seo/_build/html/_static
lato-bold-italic.woff,315.77 KB,11-25-25,/Users/steven/docs_seo/_build/html/_static/css/fonts
lato-bold-italic.woff2,188.78 KB,11-25-25,/Users/steven/docs_seo/_build/html/_static/css/fonts
lato-bold.eot,250.05 KB,11-25-25,/Users/steven/docs_seo/_build/html/_static/fonts/Lato
lato-bold.ttf,586.77 KB,11-25-25,/Users/steven/docs_seo/_build/html/_static/fonts/Lato
lato-bold.woff,302.47 KB,11-25-25,/Users/steven/docs_seo/_build/html/_static/css/fonts
lato-bold.woff,302.47 KB,11-25-25,/Users/steven/docs_seo/_build/html/_static/fonts/Lato
lato-bold.woff2,180.58 KB,11-25-25,/Users/steven/docs_seo/_build/html/_static/css/fonts
lato-bold.woff2,180.58 KB,11-25-25,/Users/steven/docs_seo/_build/html/_static/fonts/Lato
lato-bolditalic.eot,259.92 KB,11-25-25,/Users/steven/docs_seo/_build/html/_static/fonts/Lato
lato-bolditalic.ttf,607.98 KB,11-25-25,/Users/steven/docs_seo/_build/html/_static/fonts/Lato
lato-bolditalic.woff,315.77 KB,11-25-25,/Users/steven/docs_seo/_build/html/_static/fonts/Lato
lato-bolditalic.woff2,188.78 KB,11-25-25,/Users/steven/docs_seo/_build/html/_static/fonts/Lato
lato-italic.eot,262.31 KB,11-25-25,/Users/steven/docs_seo/_build/html/_static/fonts/Lato
lato-italic.ttf,624.40 KB,11-25-25,/Users/steven/docs_seo/_build/html/_static/fonts/Lato
lato-italic.woff,320.71 KB,11-25-25,/Users/steven/docs_seo/_build/html/_static/fonts/Lato
lato-italic.woff2,191.12 KB,11-25-25,/Users/steven/docs_seo/_build/html/_static/fonts/Lato
lato-normal-italic.woff,320.71 KB,11-25-25,/Users/steven/docs_seo/_build/html/_static/css/fonts
lato-normal-italic.woff2,191.12 KB,11-25-25,/Users/steven/docs_seo/_build/html/_static/css/fonts
lato-normal.woff,301.95 KB,11-25-25,/Users/steven/docs_seo/_build/html/_static/css/fonts
lato-normal.woff2,178.43 KB,11-25-25,/Users/steven/docs_seo/_build/html/_static/css/fonts
lato-regular.eot,247.52 KB,11-25-25,/Users/steven/docs_seo/_build/html/_static/fonts/Lato
lato-regular.ttf,593.48 KB,11-25-25,/Users/steven/docs_seo/_build/html/_static/fonts/Lato
lato-regular.woff,301.95 KB,11-25-25,/Users/steven/docs_seo/_build/html/_static/fonts/Lato
lato-regular.woff2,178.43 KB,11-25-25,/Users/steven/docs_seo/_build/html/_static/fonts/Lato
minus.png,90.00 B,11-25-25,11,11,,,/Users/steven/docs_seo/_build/html/_static/minus.png
multi_platform_content_extractor.html,24.35 KB,11-25-25,/Users/steven/docs_seo/_build/html
multi_platform_content_extractor.rst.txt,6.56 KB,11-25-25,/Users/steven/docs_seo/_build/html/_sources
overview.html,12.46 KB,11-25-25,/Users/steven/docs_seo/_build/html
overview.rst.txt,3.96 KB,11-25-25,/Users/steven/docs_seo/_build/html/_sources
plus.png,90.00 B,11-25-25,11,11,,,/Users/steven/docs_seo/_build/html/_static/plus.png
py-modindex.html,5.13 KB,11-25-25,/Users/steven/docs_seo/_build/html
pygments.css,4.73 KB,11-25-25,/Users/steven/docs_seo/_build/html/_static
roboto-slab-v7-bold.eot,77.66 KB,11-25-25,/Users/steven/docs_seo/_build/html/_static/fonts/RobotoSlab
roboto-slab-v7-bold.ttf,166.62 KB,11-25-25,/Users/steven/docs_seo/_build/html/_static/fonts/RobotoSlab
roboto-slab-v7-bold.woff,85.57 KB,11-25-25,/Users/steven/docs_seo/_build/html/_static/fonts/RobotoSlab
roboto-slab-v7-bold.woff2,65.73 KB,11-25-25,/Users/steven/docs_seo/_build/html/_static/fonts/RobotoSlab
roboto-slab-v7-regular.eot,76.50 KB,11-25-25,/Users/steven/docs_seo/_build/html/_static/fonts/RobotoSlab
roboto-slab-v7-regular.ttf,165.10 KB,11-25-25,/Users/steven/docs_seo/_build/html/_static/fonts/RobotoSlab
roboto-slab-v7-regular.woff,84.27 KB,11-25-25,/Users/steven/docs_seo/_build/html/_static/fonts/RobotoSlab
roboto-slab-v7-regular.woff2,64.89 KB,11-25-25,/Users/steven/docs_seo/_build/html/_static/fonts/RobotoSlab
search.html,4.57 KB,11-25-25,/Users/steven/docs_seo/_build/html
searchindex.js,31.21 KB,11-25-25,/Users/steven/docs_seo/_build/html
searchtools.js,21.27 KB,11-25-25,/Users/steven/docs_seo/_build/html/_static
sphinx_highlight.js,5.00 KB,11-25-25,/Users/steven/docs_seo/_build/html/_static
strategies.html,17.13 KB,11-25-25,/Users/steven/docs_seo/_build/html
strategies.rst.txt,5.07 KB,11-25-25,/Users/steven/docs_seo/_build/html/_sources
theme.css,134.04 KB,11-25-25,/Users/steven/docs_seo/_build/html/_static/css
theme.js,4.91 KB,11-25-25,/Users/steven/docs_seo/_build/html/_static/js
versions.js,6.81 KB,11-25-25,/Users/steven/docs_seo/_build/html/_static/js
youtube_seo_optimizer.html,126.49 KB,11-25-25,/Users/steven/docs_seo/_build/html
youtube_seo_optimizer.html,94.58 KB,11-25-25,/Users/steven/docs_seo/_build/html/_modules
youtube_seo_optimizer.rst.txt,6.12 KB,11-25-25,/Users/steven/docs_seo/_build/html/_sources
