Line Number,Category,Question,YouTube Short Title,Description
1,Marvel Comics,What is the name of the fictional metal that serves as the primary component of Black Widow's Widow's Bite gauntlets in the Marvel Comics universe?,ğŸ•·ï¸ Unveiling Black Widow's Bite: The Metal Mystery! ğŸ¤–,Dive into the secrets behind Black Widow's deadly gauntlets. What metal powers her signature weapon? Discover now!
3,Marvel Comics,What is the name of the superhero alter ego of Bruce Banner in the Marvel Comics universe?,ğŸ§¬ Hulk Smash Secrets: Bruce Banner's Alter Ego Revealed! ğŸ’¥,Explore the dual life of Bruce Banner in the Marvel universe. What's the story behind his green giant alter ego? Find out!
5,Star Trek,"In the 'Star Trek' series, what is the name of the species that is known for their highly logical and emotionless demeanor?",ğŸ–– The Logical Masters of Star Trek: Unveiling the Vulcans! ğŸŒŒ,"Join us as we explore the Vulcan species, known for their logic and lack of emotion, in the Star Trek universe."
7,Marvel Comics,What is the name of the superhero alter ego of Natasha Romanoff in the Marvel Comics universe?,ğŸ•·ï¸ Black Widow's True Identity: Natasha Romanoff's Alter Ego! ğŸ†”,Who is behind Black Widow's mask? Unravel the mystery of Natasha Romanoff's superhero persona in this thrilling expose!
9,Star Trek,"In the 'Star Trek' series, what is the name of the species that is known for their strong sense of honor and adherence to tradition?",ğŸ”± The Honorable Warriors of Star Trek: Discover the Klingons! ğŸ›¡ï¸,"Dive into the world of Klingons, the honor-bound warriors of Star Trek, and discover their rich tradition and culture."
13,Star Trek,"In the 'Star Trek' series, what is the name of the species that is known for their ability to change their physical appearance?",ğŸ‘½ The Shapeshifters of Star Trek: Revealing the Changelings! ğŸ”„,"Uncover the secrets of the Changelings, Star Trek's enigmatic species capable of altering their appearance at will."
17,Star Trek,"In the 'Star Trek' series, what is the name of the species that is known for their ability to absorb energy and fire it back at their enemies?",âš¡ The Energy Masters of Star Trek: Meet the Elachi! âš¡,"Discover the Elachi, Star Trek's mysterious species with the power to absorb and emit energy, in this electrifying short!"
21,Star Trek,"In the 'Star Trek' series, what is the name of the species that is known for their highly advanced technology and scientific knowledge?",ğŸš€ Star Trek's Tech Geniuses: Introducing the Borg! ğŸ¤–,"Step into the world of the Borg, the cyborg species that dominates Star Trek with their advanced technology."
25,Star Trek,"In the 'Star Trek' series, what is the name of the species that is known for their ability to regenerate and heal rapidly from injuries?",ğŸ” The Regenerators of Star Trek: The Secrets of Species 8472! ğŸ’«,"Learn about Species 8472, the resilient beings of Star Trek who can heal rapidly, in this fascinating reveal."
29,Star Trek,"In the 'Star Trek' series, what is the name of the species that is known for their ability to communicate telepathically and form telepathic bonds with other species?",ğŸ§  Star Trek's Telepaths: Exploring the Betazoids! ğŸŒŸ,Explore the telepathic abilities of the Betazoids in Star Trek and their unique way of forming bonds with others.
46,Star Wars,"In the 'Star Wars' universe, what is the name of Darth Vader's secret apprentice in 'The Force Unleashed' video game?",ğŸ® Unleashing the Force: Vader's Secret Apprentice Revealed! âš”ï¸,Dive into the 'Star Wars' universe to uncover the identity of Darth Vader's secret apprentice. Join us on this galactic revelation!
55,Star Wars,"In the 'Star Wars' universe, what is the name of the desert planet that is the home of Anakin and Luke Skywalker?",ğŸŒŒ Skywalker Saga: Unveiling the Desert Planet! ğŸœï¸,Explore the 'Star Wars' galaxy and discover the desert planet that shaped the destinies of Anakin and Luke Skywalker. Embark on this sandy adventure!
59,Star Wars,"In the 'Star Wars' universe, what is the name of the bounty hunter who captured Han Solo in 'The Empire Strikes Back'?",ğŸ”« Galactic Hunt: The Bounty Hunter Who Captured Han Solo! ğŸŒ ,Join us as we track down the notorious bounty hunter who captured Han Solo in the 'Star Wars' saga. Who is this mysterious figure? Find out now!
74,Star Wars,What is the name of the spaceship piloted by Han Solo in the 'Star Wars' universe?,ğŸš€ Solo's Ride: Unveiling the Millennium Falcon! ğŸŒŸ,Climb aboard the Millennium Falcon and explore the iconic spaceship piloted by Han Solo in the 'Star Wars' universe. Discover its legendary secrets!
80,Star Wars,What is the name of the primary antagonist in the 'Star Wars' original trilogy?,ğŸŒ‘ The Dark Side Rises: Unmasking the Original Trilogy's Villain! ğŸš€,Unveil the shadowy figure who stands as the primary antagonist in the 'Star Wars' original trilogy. Join us for this dark revelation!
90,Star Wars,What is the name of the primary antagonist in the 'Star Wars' prequel trilogy?,ğŸŒŸ Prequel Peril: Revealing the Mastermind Villain! ğŸŒŒ,Delve into the 'Star Wars' prequel trilogy to discover the mastermind behind the galactic turmoil. Who is this formidable antagonist? Uncover now!
9,DC Comics,What is the name of the fictional metal that serves as the primary component of Wonder Woman's indestructible bracelets in the DC Comics universe?,ğŸ¦¸â€â™€ï¸ Unbreakable Power: Wonder Woman's Bracelets Secret! â›“ï¸,Discover the invincible metal behind Wonder Woman's iconic bracelets in the DC Comics universe. Unveil the mystery!
11,DC Comics,What is the name of the superhero alter ego of Hal Jordan in the DC Comics universe?,ğŸ’« Green Lantern Revealed: The Man Behind the Mask! ğŸ­,Hal Jordan's cosmic journey as the Green Lantern unfolds! Dive into the life of this legendary DC Comics hero.
13,DC Comics,What is the name of the fictional metal that serves as the primary component of Aquaman's trident in the DC Comics universe?,ğŸ”± Aquaman's Trident: The Power of Mythical Metal! ğŸŒŠ,Explore the depths of the DC universe to uncover the mystical metal powering Aquaman's formidable trident.
15,DC Comics,What is the name of the superhero alter ego of Arthur Curry in the DC Comics universe?,ğŸŒŠ Aquaman Unmasked: The True Identity of Arthur Curry! ğŸ¤¿,"Dive into the origins of Arthur Curry and his transformation into Aquaman, the marine marvel of DC Comics!"
29,DC Comics,What is the name of the fictional metal that serves as the primary component of Green Lantern's power ring in the DC Comics universe?,ğŸ’ Green Lantern's Ring: The Secret Metal Power! ğŸ’š,Unlock the secrets of the extraordinary metal that powers Green Lantern's ring in this cosmic DC Comics exploration.
31,DC Comics,What is the name of the superhero alter ego of Oliver Queen in the DC Comics universe?,ğŸ¹ Arrow's Origin: Oliver Queen's Superhero Identity! ğŸ¯,From billionaire to vigilante: Discover Oliver Queen's journey to becoming the iconic Green Arrow in the DC Comics saga.
51,Lord of the Rings,"In the 'Lord of the Rings' trilogy, what is the name of the powerful artifact that Frodo Baggins must destroy to save Middle-earth?",ğŸŒ The Quest of Middle-earth: Frodo's Burden Unveiled! ğŸ’,Join Frodo's epic journey in the 'Lord of the Rings' to destroy the artifact that could doom Middle-earth. Discover the legendary tale!
61,Lord of the Rings,"In the 'Lord of the Rings' trilogy, what is the name of the wizard who guides Frodo on his quest to destroy the One Ring?",ğŸ§™â€â™‚ï¸ The Wise Guide: Unraveling the Wizard Behind the Quest! âœ¨,Uncover the identity of the wise wizard who leads Frodo in his perilous journey to destroy the One Ring in the 'Lord of the Rings' saga.
69,Lord of the Rings,"In the 'Lord of the Rings' trilogy, what is the name of the magical ring that grants its wearer invisibility?",ğŸ’ The Power of Invisibility: The One Ring's Secret! ğŸŒŒ,"Explore the enigmatic power of the One Ring in the 'Lord of the Rings' trilogy, granting invisibility to its bearer. Delve into the mystery!"
75,Lord of the Rings,"In the 'Lord of the Rings' trilogy, what is the name of the elf who becomes the Fellowship's guide through the Mines of Moria?",ğŸ¹ The Elven Guide: Navigating the Mines of Moria! â›ï¸,Discover the brave elf who leads the Fellowship through the dark depths of Moria in the 'Lord of the Rings.' Join the adventurous trek!
81,Lord of the Rings,"In the 'Lord of the Rings' trilogy, what is the name of the sword that was broken and later reforged for Aragorn?",âš”ï¸ Aragorn's Blade: The Story of the Reforged Sword! ğŸ—¡ï¸,"Unearth the tale of Aragorn's legendary sword, broken and reforged, in the 'Lord of the Rings.' Witness the rebirth of a mighty weapon!"
91,Lord of the Rings,"In the 'Lord of the Rings' trilogy, what is the name of the wizard who leads the Fellowship of the Ring?",ğŸ§™â€â™‚ï¸ The Mastermind Wizard: Leading the Fellowship! ğŸ”®,Embark on a journey to uncover the wizard at the helm of the Fellowship in the 'Lord of the Rings.' Discover the magic and wisdom guiding the quest!
