ORIGINAL_PATH,NEW_NAME,FOLDER,HAD_CONFLICT
utilities/encoding.py,encoding.py,utilities,NO
utilities/convertupscale.py,convertupscale.py,utilities,NO
utilities/skiprows.py,skiprows.py,utilities,NO
utilities/list.py,list.py,utilities,NO
utilities/recovery.py,recovery.py,utilities,NO
utilities/cleanup-messy-names.py,cleanup-messy-names.py,utilities,NO
utilities/process-proc-2.py,process-proc-2.py,utilities,NO
utilities/csvmerge.py,csvmerge.py,utilities,NO
utilities/utils_simple.py,utils_simple.py,utilities,NO
utilities/processing-pandas.py,processing-pandas.py,utilities,NO
utilities/rename_by_purpose.py,rename_by_purpose.py,utilities,NO
utilities/smart_conservative_renamer.py,smart_conservative_renamer.py,utilities,NO
utilities/root-scripts.py,root-scripts.py,utilities,NO
utilities/fill.py,fill.py,utilities,NO
utilities/batch_transcript_finder.py,batch_transcript_finder.py,utilities,NO
utilities/groq-cli.py,groq-cli.py,utilities,NO
utilities/analyze-prompt.py,analyze-prompt.py,utilities,NO
utilities/create-strip.py,create-strip.py,utilities,NO
utilities/extract_archived_content.py,extract_archived_content.py,utilities,NO
utilities/processor-transcript.py,processor-transcript.py,utilities,NO
utilities/image-downloadr_api.py,image-downloadr_api.py,utilities,NO
utilities/duplicate-cleaner.py,duplicate-cleaner.py,utilities,NO
utilities/rename.py,rename.py,utilities,NO
utilities/intelligent-merger.py,intelligent-merger.py,utilities,NO
utilities/organize.py,organize.py,utilities,NO
utilities/periodic.py,periodic.py,utilities,NO
utilities/misc-display.py,misc-display.py,utilities,NO
utilities/generate.py,generate.py,utilities,NO
utilities/misc-prompts.py,misc-prompts.py,utilities,NO
utilities/claude.py,claude.py,utilities,NO
utilities/save-exit.py,save-exit.py,utilities,NO
utilities/analyze_versions.py,analyze_versions.py,utilities,NO
utilities/adaptive-content-awareness.py,adaptive-content-awareness.py,utilities,NO
utilities/final-root-organizer.py,final-root-organizer.py,utilities,NO
utilities/processing-imove.py,processing-imove.py,utilities,NO
utilities/analyze-metadata.py,analyze-metadata.py,utilities,NO
utilities/goapi.py,goapi.py,utilities,NO
utilities/verify-connection.py,verify-connection.py,utilities,NO
utilities/subject.py,subject.py,utilities,NO
utilities/track.py,track.py,utilities,NO
utilities/float.py,float.py,utilities,NO
utilities/convert-aiff-to-mp3.py,convert-aiff-to-mp3.py,utilities,NO
utilities/final_comprehensive_scan.py,final_comprehensive_scan.py,utilities,NO
utilities/upscale-and-upload.py,upscale-and-upload.py,utilities,NO
utilities/second-pass-migration.py,second-pass-migration.py,utilities,NO
utilities/fix_transcript_names.py,fix_transcript_names.py,utilities,NO
utilities/handle.py,handle.py,utilities,NO
utilities/processing-categories.py,processing-categories.py,utilities,NO
utilities/leoimg.py,leoimg.py,utilities,NO
utilities/multi_depth_folder_analyzer.py,multi_depth_folder_analyzer.py,utilities,NO
utilities/15day.py,15day.py,utilities,NO
utilities/util-json-handler.py,util-json-handler.py,utilities,NO
utilities/folder.py,folder.py,utilities,NO
utilities/kartoon.py,kartoon.py,utilities,NO
utilities/clean_folder_names_no_vols.py,clean_folder_names_no_vols.py,utilities,NO
utilities/snoopplugins.py,snoopplugins.py,utilities,NO
utilities/sort.py,sort.py,utilities,NO
utilities/content-aware.py,content-aware.py,utilities,NO
utilities/final_consolidator.py,final_consolidator.py,utilities,NO
utilities/comprehensive_verifier.py,comprehensive_verifier.py,utilities,NO
utilities/analyze-writer.py,analyze-writer.py,utilities,NO
utilities/check-quality.py,check-quality.py,utilities,NO
utilities/album-sorting.py,album-sorting.py,utilities,NO
utilities/oshelper.py,oshelper.py,utilities,NO
utilities/extract-to-audio.py,extract-to-audio.py,utilities,NO
utilities/clipEditor.py,clipEditor.py,utilities,NO
utilities/consolidation.py,consolidation.py,utilities,NO
utilities/batch-folder-writer.py,batch-folder-writer.py,utilities,NO
utilities/documents.py,documents.py,utilities,NO
utilities/cli-config-manager.py,cli-config-manager.py,utilities,NO
utilities/base-classes.py,base-classes.py,utilities,NO
utilities/split-chunks.py,split-chunks.py,utilities,NO
utilities/quantumforgelabs.py,quantumforgelabs.py,utilities,NO
utilities/images-individual.py,images-individual.py,utilities,NO
utilities/unified_workflow_poc.py,unified_workflow_poc.py,utilities,NO
utilities/smart_archive_backups.py,smart_archive_backups.py,utilities,NO
utilities/renamer.py,renamer.py,utilities,NO
utilities/constants.py,constants.py,utilities,NO
utilities/ascii-python.py,ascii-python.py,utilities,NO
utilities/recalc.py,recalc.py,utilities,NO
utilities/image-resize-aspect-ratios.py,image-resize-aspect-ratios.py,utilities,NO
utilities/empty.py,empty.py,utilities,NO
utilities/upscale-sips.py,upscale-sips.py,utilities,NO
utilities/PSDImage.py,PSDImage.py,utilities,NO
utilities/story-trans.py,story-trans.py,utilities,NO
utilities/savify.py,savify.py,utilities,NO
utilities/image-aws_sqs_queue.py,image-aws_sqs_queue.py,utilities,NO
utilities/upscale.py,upscale.py,utilities,NO
utilities/csvsort.py,csvsort.py,utilities,NO
utilities/comprehensive_music_content_scan.py,comprehensive_music_content_scan.py,utilities,NO
utilities/pdf2html.py,pdf2html.py,utilities,NO
utilities/ffmpeg.py,ffmpeg.py,utilities,NO
utilities/python-lint-complexity.py,python-lint-complexity.py,utilities,NO
utilities/python-cleanup-execute.py,python-cleanup-execute.py,utilities,NO
utilities/codebase.py,codebase.py,utilities,NO
utilities/page.py,page.py,utilities,NO
utilities/other.py,other.py,utilities,NO
utilities/aggressive-renamer.py,aggressive-renamer.py,utilities,NO
utilities/processing-pandas-docs.py,processing-pandas-docs.py,utilities,NO
utilities/ecosystem-insights.py,ecosystem-insights.py,utilities,NO
utilities/misc-merge.py,misc-merge.py,utilities,NO
utilities/emotional.py,emotional.py,utilities,NO
utilities/botLike.py,botLike.py,utilities,NO
utilities/processor.py,processor.py,utilities,NO
utilities/undo-move.py,undo-move.py,utilities,NO
utilities/audio-sub.py,audio-sub.py,utilities,NO
utilities/misc-play.py,misc-play.py,utilities,NO
utilities/process-proc_simple.py,process-proc_simple.py,utilities,NO
utilities/comprehensive_folder_consolidation.py,comprehensive_folder_consolidation.py,utilities,NO
utilities/ffmpeg-robot.py,ffmpeg-robot.py,utilities,NO
utilities/subtitle.py,subtitle.py,utilities,NO
utilities/dthumb.py,dthumb.py,utilities,NO
utilities/morph.py,morph.py,utilities,NO
utilities/setup_browser.py,setup_browser.py,utilities,NO
utilities/simplify-organizer.py,simplify-organizer.py,utilities,NO
utilities/extract_topic.py,extract_topic.py,utilities,NO
utilities/temp-file-manager.py,temp-file-manager.py,utilities,NO
utilities/python-documentation.py,python-documentation.py,utilities,NO
utilities/img2img.py,img2img.py,utilities,NO
utilities/devops.py,devops.py,utilities,NO
utilities/pdfcsv.py,pdfcsv.py,utilities,NO
utilities/audio-app.py,audio-app.py,utilities,NO
utilities/organize-directory.py,organize-directory.py,utilities,NO
utilities/generate-text-overlay.py,generate-text-overlay.py,utilities,NO
utilities/bulk-renamer.py,bulk-renamer.py,utilities,NO
utilities/archive-reader.py,archive-reader.py,utilities,NO
utilities/search-claude-conversations.py,search-claude-conversations.py,utilities,NO
utilities/apps.py,apps.py,utilities,NO
utilities/preservation-renamer.py,preservation-renamer.py,utilities,NO
utilities/analyze-reader.py,analyze-reader.py,utilities,NO
utilities/fundamental-analysis.py,fundamental-analysis.py,utilities,NO
utilities/createdb.py,createdb.py,utilities,NO
utilities/image-downloadr_batch.py,image-downloadr_batch.py,utilities,NO
utilities/create_reorganization_plan.py,create_reorganization_plan.py,utilities,NO
utilities/merge_moonlight_and_misc.py,merge_moonlight_and_misc.py,utilities,NO
utilities/logic.py,logic.py,utilities,NO
utilities/ytdl-listen.py,ytdl-listen.py,utilities,NO
utilities/album.py,album.py,utilities,NO
utilities/gallery-city-logic.py,gallery-city-logic.py,utilities,NO
utilities/payload.py,payload.py,utilities,NO
utilities/imgupscale.py,imgupscale.py,utilities,NO
utilities/smart_rename_versions.py,smart_rename_versions.py,utilities,NO
utilities/smart-dedup.py,smart-dedup.py,utilities,NO
utilities/synthesize.py,synthesize.py,utilities,NO
utilities/files-csv.py,files-csv.py,utilities,NO
utilities/python-filename-cleanup.py,python-filename-cleanup.py,utilities,NO
utilities/ffmpeg-help.py,ffmpeg-help.py,utilities,NO
utilities/sufflecsv.py,sufflecsv.py,utilities,NO
utilities/smart-organizer.py,smart-organizer.py,utilities,NO
utilities/image-resize.py,image-resize.py,utilities,NO
utilities/loop-upscale.py,loop-upscale.py,utilities,NO
utilities/alchemy-quiz.py,alchemy-quiz.py,utilities,NO
utilities/deepgram_test.py,deepgram_test.py,utilities,NO
utilities/get_gal.py,get_gal.py,utilities,NO
utilities/usecols.py,usecols.py,utilities,NO
utilities/screenshot-generate.py,screenshot-generate.py,utilities,NO
utilities/downloader-progress.py,downloader-progress.py,utilities,NO
utilities/image-reader.py,image-reader.py,utilities,NO
utilities/master_comprehensive_analyzer.py,master_comprehensive_analyzer.py,utilities,NO
utilities/capture.py,capture.py,utilities,NO
utilities/setup.py,setup.py,utilities,NO
utilities/process-remix.py,process-remix.py,utilities,NO
utilities/button.py,button.py,utilities,NO
utilities/deep-code.py,deep-code.py,utilities,NO
utilities/development-frameworks-python.py,development-frameworks-python.py,utilities,NO
utilities/mp3_batch_timestamper.py,mp3_batch_timestamper.py,utilities,NO
utilities/clips-1.py,clips-1.py,utilities,NO
utilities/undo_collection_and_merge.py,undo_collection_and_merge.py,utilities,NO
utilities/excel-intelligent-organizer.py,excel-intelligent-organizer.py,utilities,NO
utilities/secret.py,secret.py,utilities,NO
utilities/api_key_inventory.py,api_key_inventory.py,utilities,NO
utilities/deep_content_cross_reference.py,deep_content_cross_reference.py,utilities,NO
utilities/consolidate_versions.py,consolidate_versions.py,utilities,NO
utilities/processing-fdupes.py,processing-fdupes.py,utilities,NO
utilities/file-io.py,file-io.py,utilities,NO
utilities/identify_user_scripts.py,identify_user_scripts.py,utilities,NO
utilities/gui-apps-get.py,gui-apps-get.py,utilities,NO
utilities/analyze-json-writer.py,analyze-json-writer.py,utilities,NO
utilities/processing-doubles.py,processing-doubles.py,utilities,NO
utilities/intelligent-organization.py,intelligent-organization.py,utilities,NO
utilities/split.py,split.py,utilities,NO
utilities/download-files.py,download-files.py,utilities,NO
utilities/development-utils-jsonutil.py,development-utils-jsonutil.py,utilities,NO
utilities/base-gallery-logic.py,base-gallery-logic.py,utilities,NO
utilities/export-warehouse.py,export-warehouse.py,utilities,NO
utilities/markdown.py,markdown.py,utilities,NO
utilities/thumbs.py,thumbs.py,utilities,NO
utilities/requirements.py,requirements.py,utilities,NO
utilities/intelligent_renamer.py,intelligent_renamer.py,utilities,NO
utilities/pdf2img.py,pdf2img.py,utilities,NO
utilities/processing-csv-docs_simple.py,processing-csv-docs_simple.py,utilities,NO
utilities/buttons.py,buttons.py,utilities,NO
utilities/pipeline.py,pipeline.py,utilities,NO
utilities/catalog-to-csv.py,catalog-to-csv.py,utilities,NO
utilities/image-search.py,image-search.py,utilities,NO
utilities/misc-midj.py,misc-midj.py,utilities,NO
utilities/snoopbanner.py,snoopbanner.py,utilities,NO
utilities/move-date.py,move-date.py,utilities,NO
utilities/convert-json-writer.py,convert-json-writer.py,utilities,NO
utilities/csv-extract-webm-files.py,csv-extract-webm-files.py,utilities,NO
utilities/resizer.py,resizer.py,utilities,NO
utilities/translation.py,translation.py,utilities,NO
utilities/processing-docs.py,processing-docs.py,utilities,NO
utilities/clean_flatten_names.py,clean_flatten_names.py,utilities,NO
utilities/playlist.py,playlist.py,utilities,NO
utilities/compile.py,compile.py,utilities,NO
utilities/intelligent-renamer.py,intelligent-renamer.py,utilities,NO
utilities/content_aware_organizer.py,content_aware_organizer.py,utilities,NO
utilities/origin-date.py,origin-date.py,utilities,NO
utilities/harvester.py,harvester.py,utilities,NO
utilities/gallery-init-remote.py,gallery-init-remote.py,utilities,NO
utilities/scraping-download-news_api_fetcher.py,scraping-download-news_api_fetcher.py,utilities,NO
utilities/processing-execute.py,processing-execute.py,utilities,NO
utilities/execute_archive_cleanup_merge.py,execute_archive_cleanup_merge.py,utilities,NO
utilities/transcribe.py,transcribe.py,utilities,NO
utilities/final_cleanup_extras.py,final_cleanup_extras.py,utilities,NO
utilities/upscaler.py,upscaler.py,utilities,NO
utilities/reorganize.py,reorganize.py,utilities,NO
utilities/2mentest.py,2mentest.py,utilities,NO
utilities/utils-1.py,utils-1.py,utilities,NO
utilities/image-9mb-up.py,image-9mb-up.py,utilities,NO
utilities/skip-image-fixer.py,skip-image-fixer.py,utilities,NO
utilities/misc-resize.py,misc-resize.py,utilities,NO
utilities/analyze_and_transcribe_missing.py,analyze_and_transcribe_missing.py,utilities,NO
utilities/migration-plan.py,migration-plan.py,utilities,NO
utilities/execute_dedup_rename.py,execute_dedup_rename.py,utilities,NO
utilities/imgconvert.py,imgconvert.py,utilities,NO
utilities/move.py,move.py,utilities,NO
utilities/static.py,static.py,utilities,NO
utilities/queue-script.py,queue-script.py,utilities,NO
utilities/shorts-code.py,shorts-code.py,utilities,NO
utilities/basics.py,basics.py,utilities,NO
utilities/mp4s.py,mp4s.py,utilities,NO
utilities/settings.py,settings.py,utilities,NO
utilities/environment.py,environment.py,utilities,NO
utilities/visual.py,visual.py,utilities,NO
utilities/misc-pyttsx.py,misc-pyttsx.py,utilities,NO
utilities/template.py,template.py,utilities,NO
utilities/converts.py,converts.py,utilities,NO
utilities/content-creation-nocturne.py,content-creation-nocturne.py,utilities,NO
utilities/ecosystem-master.py,ecosystem-master.py,utilities,NO
utilities/targeted-v1.py,targeted-v1.py,utilities,NO
utilities/python-intelligent-rename.py,python-intelligent-rename.py,utilities,NO
utilities/inference.py,inference.py,utilities,NO
utilities/scraping-download-scrape.py,scraping-download-scrape.py,utilities,NO
utilities/simple-photo-gallery.py,simple-photo-gallery.py,utilities,NO
utilities/image-taggy.py,image-taggy.py,utilities,NO
utilities/script_simple.py,script_simple.py,utilities,NO
utilities/intelligent_dedup.py,intelligent_dedup.py,utilities,NO
utilities/exceptions.py,exceptions.py,utilities,NO
utilities/defaults.py,defaults.py,utilities,NO
utilities/comprehensive_dedup_rename.py,comprehensive_dedup_rename.py,utilities,NO
utilities/ytdl-audiodownload.py,ytdl-audiodownload.py,utilities,NO
utilities/typedefs.py,typedefs.py,utilities,NO
utilities/bookmarks.py,bookmarks.py,utilities,NO
utilities/robust.py,robust.py,utilities,NO
utilities/compare_versions.py,compare_versions.py,utilities,NO
utilities/audio.py,audio.py,utilities,NO
utilities/image-ultimate.py,image-ultimate.py,utilities,NO
utilities/ytdl-audiometadata.py,ytdl-audiometadata.py,utilities,NO
utilities/flatten_all_album_structure.py,flatten_all_album_structure.py,utilities,NO
utilities/services-s3bucket.py,services-s3bucket.py,utilities,NO
utilities/prepare_missing_song_folders.py,prepare_missing_song_folders.py,utilities,NO
utilities/testfonts-v1.py,testfonts-v1.py,utilities,NO
utilities/quantum.py,quantum.py,utilities,NO
utilities/kernelapp.py,kernelapp.py,utilities,NO
utilities/splt.py,splt.py,utilities,NO
utilities/skip-8below.py,skip-8below.py,utilities,NO
utilities/login.py,login.py,utilities,NO
utilities/html_dom_tree.py,html_dom_tree.py,utilities,NO
utilities/SendNotification.py,SendNotification.py,utilities,NO
utilities/to-html-gallery.py,to-html-gallery.py,utilities,NO
utilities/misc-info.py,misc-info.py,utilities,NO
utilities/ai-conversation-exports.py,ai-conversation-exports.py,utilities,NO
utilities/fix_bare_except.py,fix_bare_except.py,utilities,NO
utilities/domination-engine.py,domination-engine.py,utilities,NO
utilities/processing.py,processing.py,utilities,NO
utilities/manage-repo.py,manage-repo.py,utilities,NO
utilities/discography-grid-html.py,discography-grid-html.py,utilities,NO
utilities/remove-duplicates.py,remove-duplicates.py,utilities,NO
utilities/downloads-index-builder.py,downloads-index-builder.py,utilities,NO
utilities/run-all-renamers.py,run-all-renamers.py,utilities,NO
utilities/deep-content.py,deep-content.py,utilities,NO
utilities/parse.py,parse.py,utilities,NO
utilities/other_simple.py,other_simple.py,utilities,NO
utilities/tocpdf.py,tocpdf.py,utilities,NO
utilities/init.py,init.py,utilities,NO
utilities/dallecsv.py,dallecsv.py,utilities,NO
utilities/Multi-Modal.py,Multi-Modal.py,utilities,NO
utilities/imgmp.py,imgmp.py,utilities,NO
utilities/verify_and_sort_missing_songs.py,verify_and_sort_missing_songs.py,utilities,NO
utilities/upscale-images.py,utilities-upscale-images.py,utilities,YES
utilities/issue.py,issue.py,utilities,NO
utilities/image-1.py,image-1.py,utilities,NO
utilities/batch-processor.py,batch-processor.py,utilities,NO
utilities/telegraph-download-images.py,telegraph-download-images.py,utilities,NO
utilities/image-get_batch.py,image-get_batch.py,utilities,NO
utilities/mixer.py,mixer.py,utilities,NO
utilities/subcomponents.py,subcomponents.py,utilities,NO
utilities/performance.py,performance.py,utilities,NO
utilities/reddit.py,reddit.py,utilities,NO
utilities/custom-thumbnail.py,custom-thumbnail.py,utilities,NO
utilities/media-catalog.py,media-catalog.py,utilities,NO
utilities/automated-fixer.py,automated-fixer.py,utilities,NO
utilities/simple.py,simple.py,utilities,NO
utilities/gallery.py,gallery.py,utilities,NO
utilities/retrieve-docs.py,retrieve-docs.py,utilities,NO
utilities/analyze-code-complexity.py,analyze-code-complexity.py,utilities,NO
utilities/bot_photo.py,bot_photo.py,utilities,NO
utilities/check_file.py,check_file.py,utilities,NO
utilities/setup_legacy.py,setup_legacy.py,utilities,NO
utilities/automation-selenium-content.py,automation-selenium-content.py,utilities,NO
utilities/claude-anthropic-download.py,claude-anthropic-download.py,utilities,NO
utilities/tehsites-complete.py,tehsites-complete.py,utilities,NO
utilities/cross_directory_merger.py,cross_directory_merger.py,utilities,NO
utilities/helpers.py,helpers.py,utilities,NO
utilities/image-generater.py,image-generater.py,utilities,NO
utilities/discography-html.py,discography-html.py,utilities,NO
utilities/download-simple.py,download-simple.py,utilities,NO
utilities/deep_music_directory_analyzer.py,deep_music_directory_analyzer.py,utilities,NO
utilities/alphabet.py,alphabet.py,utilities,NO
utilities/image-img-prompt.py,image-img-prompt.py,utilities,NO
utilities/brand.py,brand.py,utilities,NO
utilities/music-catalog.py,music-catalog.py,utilities,NO
utilities/deep.py,deep.py,utilities,NO
utilities/ytdlconfiguration.py,ytdlconfiguration.py,utilities,NO
utilities/processing-pandas-json.py,processing-pandas-json.py,utilities,NO
utilities/master-rename-utility.py,master-rename-utility.py,utilities,NO
utilities/merge-1.py,merge-1.py,utilities,NO
utilities/execute-excel-organization.py,execute-excel-organization.py,utilities,NO
utilities/dupes.py,dupes.py,utilities,NO
utilities/backupcsv.py,backupcsv.py,utilities,NO
utilities/merged-content.py,merged-content.py,utilities,NO
utilities/validate-settings.py,validate-settings.py,utilities,NO
utilities/makecompilation-v1.py,makecompilation-v1.py,utilities,NO
utilities/final_consolidation.py,final_consolidation.py,utilities,NO
utilities/api_key_inventory_v2.py,api_key_inventory_v2.py,utilities,NO
utilities/safeduplicatecleanup-v1.py,safeduplicatecleanup-v1.py,utilities,NO
utilities/download-data.py,download-data.py,utilities,NO
utilities/rebuild.py,rebuild.py,utilities,NO
utilities/nanobanana.py,nanobanana.py,utilities,NO
utilities/scrape.py,scrape.py,utilities,NO
utilities/output.py,output.py,utilities,NO
utilities/fetcher.py,fetcher.py,utilities,NO
utilities/add_text.py,add_text.py,utilities,NO
utilities/project.py,project.py,utilities,NO
utilities/word-validate-changes.py,word-validate-changes.py,utilities,NO
utilities/transcript-prompts.py,transcript-prompts.py,utilities,NO
utilities/super_flatten.py,super_flatten.py,utilities,NO
utilities/organizer.py,organizer.py,utilities,NO
utilities/albums.py,albums.py,utilities,NO
utilities/sorts.py,sorts.py,utilities,NO
utilities/upscaled.py,upscaled.py,utilities,NO
utilities/comprehensive_transcript_search.py,comprehensive_transcript_search.py,utilities,NO
utilities/filtercreator.py,filtercreator.py,utilities,NO
utilities/cutout-process.py,cutout-process.py,utilities,NO
utilities/nested.py,nested.py,utilities,NO
utilities/database-clients-extract.py,database-clients-extract.py,utilities,NO
utilities/meta.py,meta.py,utilities,NO
utilities/deep-level.py,deep-level.py,utilities,NO
utilities/replace.py,replace.py,utilities,NO
lexica/lexica.py,lexica.py,lexica,NO
vanceai/vanceai-remove-background.py,vanceai-remove-background.py,vanceai,NO
reddit/scraper.py,scraper.py,reddit,NO
reddit/get-threads.py,get-threads.py,reddit,NO
reddit/utilities-misc.py,utilities-misc.py,reddit,NO
reddit/automation-playwright-screenshot.py,automation-playwright-screenshot.py,reddit,NO
reddit/voices.py,voices.py,reddit,NO
reddit/subreddit.py,subreddit.py,reddit,NO
reddit/subredditsentiment-apps.py,subredditsentiment-apps.py,reddit,NO
reddit/AskReddit.py,AskReddit.py,reddit,NO
reddit/askredditbot.py,askredditbot.py,reddit,NO
reddit/askreddit-loop-1.py,askreddit-loop-1.py,reddit,NO
reddit/texttospeech-v1.py,texttospeech-v1.py,reddit,NO
reddit/scrape.py,reddit-scrape.py,reddit,YES
upwork/upwork.py,upwork.py,upwork,NO
tiktok/database.py,database.py,tiktok,NO
tiktok/printify-organize.py,printify-organize.py,tiktok,NO
tiktok/pip_build_environment.py,pip_build_environment.py,tiktok,NO
tiktok/development-process-proc.py,development-process-proc.py,tiktok,NO
suno/suno-generator.py,suno-generator.py,suno,NO
suno/suno-html-scraper.py,suno-html-scraper.py,suno,NO
suno/content-creation-suno.py,content-creation-suno.py,suno,NO
suno/suno-card-html.py,suno-card-html.py,suno,NO
suno/suno-music-catalog.py,suno-music-catalog.py,suno,NO
tts_tools/thinketh_tts_scripty.py,thinketh_tts_scripty.py,tts_tools,NO
tts_tools/thinketh_tts_main.py,thinketh_tts_main.py,tts_tools,NO
tts_tools/thinketh_tts_transcription.py,thinketh_tts_transcription.py,tts_tools,NO
tts_tools/thinketh_tts_universal.py,thinketh_tts_universal.py,tts_tools,NO
tts_tools/thinketh_content_renamer.py,thinketh_content_renamer.py,tts_tools,NO
tts_tools/thinketh_content_renamer_from_seo-optimizer.py,thinketh_content_renamer_from_seo-optimizer.py,tts_tools,NO
tts_tools/thinketh_duplicate_cleanup.py,thinketh_duplicate_cleanup.py,tts_tools,NO
tts_tools/thinketh_tts_adaptive.py,thinketh_tts_adaptive.py,tts_tools,NO
tts_tools/thinketh_tts_asmr.py,thinketh_tts_asmr.py,tts_tools,NO
advanced-systems/content_pipeline/advanced_content_pipeline.py,advanced_content_pipeline.py,content_pipeline,NO
advanced-systems/code_orchestrator/intelligent_code_orchestrator.py,intelligent_code_orchestrator.py,code_orchestrator,NO
ai-tools/gemini/process-audio.py,process-audio.py,gemini,NO
ai-tools/claude/check.py,check.py,claude,NO
ai-tools/claude/anthropic-download.py,anthropic-download.py,claude,NO
ai-tools/claude/evaluation.py,evaluation.py,claude,NO
ai-tools/claude/multi.py,multi.py,claude,NO
ai-tools/claude/smart.py,smart.py,claude,NO
ai-tools/claude/edit.py,edit.py,claude,NO
ai-tools/claude/workspace-audit.py,workspace-audit.py,claude,NO
ai-tools/claude/computer.py,computer.py,claude,NO
ai-tools/claude/cloud-services-aws-streamlit.py,cloud-services-aws-streamlit.py,claude,NO
ai-tools/claude/cli.py,cli.py,claude,NO
ai-tools/claude/loop.py,loop.py,claude,NO
ai-tools/claude/check-1.py,check-1.py,claude,NO
ai-tools/claude/search.py,search.py,claude,NO
ai-tools/claude/ultra.py,ultra.py,claude,NO
ai-tools/claude/deep.py,claude-deep.py,claude,YES
ai-tools/claude/extract.py,extract.py,claude,NO
ai-tools/deepseek/import-clean-conversations.py,import-clean-conversations.py,deepseek,NO
ai-tools/elevenlabs/elevenlabs.py,elevenlabs.py,elevenlabs,NO
ai-tools/perplexity/export-ai-conversations.py,export-ai-conversations.py,perplexity,NO
ai-tools/stability/stability-format.py,stability-format.py,stability,NO
ai-tools/stability/stability-medium.py,stability-medium.py,stability,NO
ai-tools/stability/ai-stability-code.py,ai-stability-code.py,stability,NO
ai-tools/dalle/downs.py,downs.py,dalle,NO
ai-tools/dalle/download.py,download.py,dalle,NO
ai-tools/dalle/html.py,html.py,dalle,NO
ai-tools/dalle/openai-media-processing-image.py,openai-media-processing-image.py,dalle,NO
ai-tools/huggingface/audio-thinketh.py,audio-thinketh.py,huggingface,NO
ai-tools/huggingface/drive-compare.py,drive-compare.py,huggingface,NO
ai-tools/huggingface/discography.py,discography.py,huggingface,NO
ai-tools/huggingface/fluid-document-sweep.py,fluid-document-sweep.py,huggingface,NO
ai-tools/huggingface/analyze-folder-reader.py,analyze-folder-reader.py,huggingface,NO
ai-tools/huggingface/finetune-unsloth.py,finetune-unsloth.py,huggingface,NO
ai-tools/openai/song-process.py,song-process.py,openai,NO
ai-tools/openai/analyze-shorts-info_code.py,analyze-shorts-info_code.py,openai,NO
ai-tools/openai/storykeytrans.py,storykeytrans.py,openai,NO
ai-tools/openai/research-assistant.py,research-assistant.py,openai,NO
ai-tools/openai/transcription.py,transcription.py,openai,NO
ai-tools/openai/pydescribe.py,pydescribe.py,openai,NO
ai-tools/openai/application-self-query.py,application-self-query.py,openai,NO
ai-tools/openai/cover.py,cover.py,openai,NO
ai-tools/openai/speak.py,speak.py,openai,NO
ai-tools/openai/generatetexts.py,generatetexts.py,openai,NO
ai-tools/openai/speek.py,speek.py,openai,NO
ai-tools/openai/application-query-expanison.py,application-query-expanison.py,openai,NO
ai-tools/openai/breakdown.py,breakdown.py,openai,NO
ai-tools/openai/pyorganize.py,pyorganize.py,openai,NO
ai-tools/openai/fancyname.py,fancyname.py,openai,NO
ai-tools/openai/query.py,query.py,openai,NO
ai-tools/openai/batch-info.py,batch-info.py,openai,NO
ai-tools/openai/story-section.py,story-section.py,openai,NO
ai-tools/openai/pythoncat.py,pythoncat.py,openai,NO
ai-tools/openai/pythoncatorize.py,pythoncatorize.py,openai,NO
ai-tools/openai/vision.py,vision.py,openai,NO
ai-tools/openai/start-with.py,start-with.py,openai,NO
ai-tools/openai/generate.py,openai-generate.py,openai,YES
ai-tools/openai/transcriber.py,transcriber.py,openai,NO
ai-tools/openai/utilities-async.py,utilities-async.py,openai,NO
ai-tools/openai/riddle.py,riddle.py,openai,NO
ai-tools/openai/classify.py,classify.py,openai,NO
ai-tools/openai/lyrics-storyboards.py,lyrics-storyboards.py,openai,NO
ai-tools/openai/download-4.py,download-4.py,openai,NO
ai-tools/openai/download.py,openai-download.py,openai,YES
ai-tools/openai/convert.py,convert.py,openai,NO
ai-tools/openai/tools.py,tools.py,openai,NO
ai-tools/openai/audio-analyzer.py,audio-analyzer.py,openai,NO
ai-tools/openai/generatetexts-1.py,generatetexts-1.py,openai,NO
ai-tools/openai/etsy-image-metadata.py,etsy-image-metadata.py,openai,NO
ai-tools/openai/analyzer.py,analyzer.py,openai,NO
ai-tools/openai/scanpythons.py,scanpythons.py,openai,NO
ai-tools/openai/python-namer.py,python-namer.py,openai,NO
ai-tools/openai/download-1.py,download-1.py,openai,NO
ai-tools/openai/autofill.py,autofill.py,openai,NO
ai-tools/openai/chatgpt-conversation-exporter.py,chatgpt-conversation-exporter.py,openai,NO
ai-tools/openai/model.py,model.py,openai,NO
ai-tools/openai/ygpt-utils-textgenerator.py,ygpt-utils-textgenerator.py,openai,NO
ai-tools/openai/upscalecreateimages.py,upscalecreateimages.py,openai,NO
ai-tools/openai/ident.py,ident.py,openai,NO
ai-tools/openai/download-2.py,download-2.py,openai,NO
ai-tools/openai/resize.py,resize.py,openai,NO
ai-tools/openai/openai.py,openai.py,openai,NO
ai-tools/openai/setup.py,openai-setup.py,openai,YES
ai-tools/openai/batch-image.py,batch-image.py,openai,NO
ai-tools/openai/parse_api.py,parse_api.py,openai,NO
ai-tools/openai/upload_api.py,upload_api.py,openai,NO
ai-tools/openai/dalle-prompt.py,dalle-prompt.py,openai,NO
ai-tools/openai/download-3.py,download-3.py,openai,NO
ai-tools/openai/generate-emotional-audio.py,generate-emotional-audio.py,openai,NO
ai-tools/openai/brand-builder.py,brand-builder.py,openai,NO
ai-tools/openai/createimages.py,createimages.py,openai,NO
ai-tools/openai/batch-1.py,batch-1.py,openai,NO
ai-tools/openai/agent.py,agent.py,openai,NO
ai-tools/openai/chatgpt.py,chatgpt.py,openai,NO
ai-tools/openai/audiobook-producer.py,audiobook-producer.py,openai,NO
ai-tools/openai/textgenerator.py,textgenerator.py,openai,NO
ai-tools/openai/content-creation-nocturne.py,openai-content-creation-nocturne.py,openai,YES
ai-tools/openai/media-processing-audio.py,media-processing-audio.py,openai,NO
ai-tools/openai/model-evaluation-evaluate.py,model-evaluation-evaluate.py,openai,NO
ai-tools/openai/process.py,process.py,openai,NO
ai-tools/openai/evaluate.py,evaluate.py,openai,NO
ai-tools/openai/textgenerator-1.py,textgenerator-1.py,openai,NO
ai-tools/openai/fancyimg.py,fancyimg.py,openai,NO
ai-tools/openai/speech.py,speech.py,openai,NO
ai-tools/openai/batch.py.bak.py,batch.py.bak.py,openai,NO
ai-tools/openai/image-generater.py,openai-image-generater.py,openai,YES
ai-tools/openai/named.py,named.py,openai,NO
ai-tools/openai/hardcoded.py,hardcoded.py,openai,NO
ai-tools/openai/image-metadata-gpt4o.py,image-metadata-gpt4o.py,openai,NO
ai-tools/openai/rephrase.py,rephrase.py,openai,NO
ai-tools/openai/chatprompt.py,chatprompt.py,openai,NO
ai-tools/openai/scanpython.py,scanpython.py,openai,NO
ai-tools/openai/categorizer.py,categorizer.py,openai,NO
automation/discord/dualdomainstrategy-v1.py,dualdomainstrategy-v1.py,discord,NO
automation/discord/intelligent_renamer-1.py,intelligent_renamer-1.py,discord,NO
automation/discord/ai_deep_analyzer.py,ai_deep_analyzer.py,discord,NO
automation/amazon/bubblespider-amazon-scraper.py,bubblespider-amazon-scraper.py,amazon,NO
automation/google/gtts-text-to-speech.py,gtts-text-to-speech.py,google,NO
automation/google/misc-gtts.py,misc-gtts.py,google,NO
automation/etsy/simplify.py,simplify.py,etsy,NO
automation/etsy/finder.py,finder.py,etsy,NO
automation/etsy/society6-upload.py,society6-upload.py,etsy,NO
automation/etsy/simple_flat_organizer.py,simple_flat_organizer.py,etsy,NO
automation/etsy/etsy-sort.py,etsy-sort.py,etsy,NO
automation/etsy/down.py,down.py,etsy,NO
automation/etsy/mydesign-download.py,mydesign-download.py,etsy,NO
automation/etsy/thumbnail.py,thumbnail.py,etsy,NO
automation/etsy/backup-avatararts-system.py,backup-avatararts-system.py,etsy,NO
automation/etsy/product-image.py,product-image.py,etsy,NO
automation/etsy/implement.py,implement.py,etsy,NO
automation/notion/downloads.py,downloads.py,notion,NO
automation/firebase/process-proc_api.py,process-proc_api.py,firebase,NO
automation/telegram/system-monitor.py,system-monitor.py,telegram,NO
automation/telegram/sticker-download.py,sticker-download.py,telegram,NO
automation/telegram/autonomous-content-agency.py,autonomous-content-agency.py,telegram,NO
automation/telegram/file-uploader.py,file-uploader.py,telegram,NO
automation/telegram/newsletter-empire.py,newsletter-empire.py,telegram,NO
automation/telegram/claude-chief.py,claude-chief.py,telegram,NO
automation/telegram/chat-base.py,chat-base.py,telegram,NO
automation/telegram/business-intelligence.py,business-intelligence.py,telegram,NO
automation/telegram/market-research-platform.py,market-research-platform.py,telegram,NO
automation/telegram/claude-code-review-system.py,claude-code-review-system.py,telegram,NO
automation/telegram/podcast-studio.py,podcast-studio.py,telegram,NO
automation/telegram/revenue-engine.py,revenue-engine.py,telegram,NO
automation/telegram/scraping-download-intelligent.py,scraping-download-intelligent.py,telegram,NO
automation/aws/delete-endpoint.py,delete-endpoint.py,aws,NO
automation/aws/deploy-sagemaker.py,deploy-sagemaker.py,aws,NO
automation/aws/resource-manager.py,resource-manager.py,aws,NO
automation/aws/streamlabs-polly.py,streamlabs-polly.py,aws,NO
automation/aws/polly.py,polly.py,aws,NO
automation/aws/create-audiobook.py,create-audiobook.py,aws,NO
automation/aws/sqs-queue-handler.py,sqs-queue-handler.py,aws,NO
automation/twitch/config.py.py,config.py.py,twitch,NO
automation/twitch/download.py,twitch-download.py,twitch,YES
automation/twitch/confcli.py,confcli.py,twitch,NO
automation/twitch/development-apps-input.py,development-apps-input.py,twitch,NO
automation/twitch/scriptwrapper.py,scriptwrapper.py,twitch,NO
automation/twitch/utils.py,utils.py,twitch,NO
automation/twitch/eliminate.py,eliminate.py,twitch,NO
automation/twitch/exceptions.py,twitch-exceptions.py,twitch,YES
automation/twitch/directory-organizer.py,directory-organizer.py,twitch,NO
automation/twitch/client-v1.py,client-v1.py,twitch,NO
automation/instagram/setuptools.py,setuptools.py,instagram,NO
automation/instagram/save-unfollowers-into.py,save-unfollowers-into.py,instagram,NO
automation/instagram/render_text.py,render_text.py,instagram,NO
automation/instagram/stylish-unfollow-tips.py,stylish-unfollow-tips.py,instagram,NO
automation/instagram/delete.py,delete.py,instagram,NO
automation/instagram/build.py,instagram-build.py,instagram,YES
automation/instagram/crawl.py,crawl.py,instagram,NO
automation/instagram/openai-download.py,instagram-openai-download.py,instagram,YES
automation/instagram/massive.py,massive.py,instagram,NO
automation/instagram/simple-effective.py,simple-effective.py,instagram,NO
automation/instagram/development-gui-apps-hooks.py,development-gui-apps-hooks.py,instagram,NO
automation/instagram/follow-requests.py,follow-requests.py,instagram,NO
automation/instagram/bot-library.py,bot-library.py,instagram,NO
automation/instagram/refresolver-v1.py,refresolver-v1.py,instagram,NO
automation/instagram/py3compat.py,py3compat.py,instagram,NO
automation/instagram/approve.py,approve.py,instagram,NO
automation/instagram/reorganize_by_service.py,reorganize_by_service.py,instagram,NO
automation/instagram/simple-interaction-good.py,simple-interaction-good.py,instagram,NO
automation/instagram/simple_smart_renamer.py,simple_smart_renamer.py,instagram,NO
automation/instagram/alias.py,alias.py,instagram,NO
automation/instagram/optional.py,optional.py,instagram,NO
automation/instagram/collect-stats.py,collect-stats.py,instagram,NO
automation/instagram/model-finetuning-sagemaker.py,model-finetuning-sagemaker.py,instagram,NO
automation/instagram/get_simple.py,get_simple.py,instagram,NO
automation/instagram/support.py,support.py,instagram,NO
automation/instagram/testjoin-v1.py,testjoin-v1.py,instagram,NO
automation/instagram/setup_simple.py,setup_simple.py,instagram,NO
automation/instagram/social-platforms-instagram-scraper.py,social-platforms-instagram-scraper.py,instagram,NO
automation/instagram/checkpoint.py,checkpoint.py,instagram,NO
automation/instagram/models.py,instagram-models.py,instagram,YES
automation/instagram/sheets.py,sheets.py,instagram,NO
automation/instagram/transcript.py,transcript.py,instagram,NO
automation/instagram/upload.py,instagram-upload.py,instagram,YES
automation/instagram/ufunc.py,ufunc.py,instagram,NO
automation/instagram/cloud-services-sagemaker.py,cloud-services-sagemaker.py,instagram,NO
automation/instagram/instagram-download-photos.py,instagram-download-photos.py,instagram,NO
automation/instagram/instagram-download-user-videos.py,instagram-download-user-videos.py,instagram,NO
automation/instagram/message-users.py,message-users.py,instagram,NO
automation/instagram/super-simple-setting.py,super-simple-setting.py,instagram,NO
automation/instagram/pytables.py,pytables.py,instagram,NO
automation/instagram/infinity-hashtags-follower.py,infinity-hashtags-follower.py,instagram,NO
automation/instagram/block-bots.py,block-bots.py,instagram,NO
automation/instagram/setters.py,setters.py,instagram,NO
automation/instagram/ecommerce-payments-deep.py,ecommerce-payments-deep.py,instagram,NO
automation/instagram/infinity-hashtags-liker.py,infinity-hashtags-liker.py,instagram,NO
automation/instagram/image-uploadr.py,image-uploadr.py,instagram,NO
automation/instagram/protocols.py,protocols.py,instagram,NO
automation/instagram/mydesigner.py,mydesigner.py,instagram,NO
automation/instagram/follow-users.py,follow-users.py,instagram,NO
automation/instagram/conversation.py,conversation.py,instagram,NO
automation/instagram/reset_following.py,reset_following.py,instagram,NO
automation/instagram/events.py,events.py,instagram,NO
automation/instagram/whitelist.py,whitelist.py,instagram,NO
automation/instagram/decorator.py,decorator.py,instagram,NO
automation/instagram/follow-last-user.py,follow-last-user.py,instagram,NO
automation/instagram/parse_simple.py,parse_simple.py,instagram,NO
automation/instagram/downloadr.py,downloadr.py,instagram,NO
automation/instagram/like-your-last.py,like-your-last.py,instagram,NO
automation/instagram/posttextparser.py,posttextparser.py,instagram,NO
automation/instagram/download.py,instagram-download.py,instagram,YES
automation/instagram/social-platforms-instagram.py,social-platforms-instagram.py,instagram,NO
automation/instagram/batch.py,batch.py,instagram,NO
automation/instagram/model-evaluation-sagemaker.py,model-evaluation-sagemaker.py,instagram,NO
automation/instagram/check-modules.py,check-modules.py,instagram,NO
automation/instagram/instareport-libs-utils.py,instareport-libs-utils.py,instagram,NO
automation/instagram/conversion.py,conversion.py,instagram,NO
automation/instagram/request.py,request.py,instagram,NO
automation/instagram/pyinstaller.py,pyinstaller.py,instagram,NO
automation/instagram/handlers.py,handlers.py,instagram,NO
automation/instagram/unfollow-everyone.py,unfollow-everyone.py,instagram,NO
automation/instagram/cache.py,cache.py,instagram,NO
automation/instagram/pickleshare.py,pickleshare.py,instagram,NO
automation/instagram/processor.py,instagram-processor.py,instagram,YES
automation/instagram/response.py,response.py,instagram,NO
automation/instagram/stories-downloader.py,stories-downloader.py,instagram,NO
automation/instagram/download-1.py,instagram-download-1.py,instagram,YES
automation/instagram/getattr.py,getattr.py,instagram,NO
automation/instagram/pip_install_command.py,pip_install_command.py,instagram,NO
automation/instagram/instabot-bot-youtube-user-id.py,instabot-bot-youtube-user-id.py,instagram,NO
automation/instagram/excolors.py,excolors.py,instagram,NO
automation/instagram/unlike-users.py,unlike-users.py,instagram,NO
automation/instagram/pip_installer_bootstrap.py,pip_installer_bootstrap.py,instagram,NO
automation/instagram/smart_local_renamer.py,smart_local_renamer.py,instagram,NO
automation/instagram/instagram-repost-photo.py,instagram-repost-photo.py,instagram,NO
automation/instagram/botInstagram.py,botInstagram.py,instagram,NO
automation/instagram/instagram-upload-story-photo.py,instagram-upload-story-photo.py,instagram,NO
automation/instagram/instabot-api-prepare.py,instabot-api-prepare.py,instagram,NO
automation/instagram/basic-follow-unfollow.py,basic-follow-unfollow.py,instagram,NO
automation/instagram/scripty.py,scripty.py,instagram,NO
automation/instagram/voice.py,voice.py,instagram,NO
automation/instagram/diagnose.py,diagnose.py,instagram,NO
automation/instagram/like-users.py,like-users.py,instagram,NO
automation/instagram/social-platforms-instagram-config.py,social-platforms-instagram-config.py,instagram,NO
automation/instagram/indent.py,indent.py,instagram,NO
automation/instagram/instabot-devices.py,instabot-devices.py,instagram,NO
automation/instagram/dynamic.py,dynamic.py,instagram,NO
automation/instagram/pandas_get_numeric.py,pandas_get_numeric.py,instagram,NO
automation/instagram/setup.py,instagram-setup.py,instagram,YES
automation/instagram/upload_simple.py,upload_simple.py,instagram,NO
automation/instagram/autocall.py,autocall.py,instagram,NO
automation/instagram/reddit-download.py,reddit-download.py,instagram,NO
automation/instagram/getipython.py,getipython.py,instagram,NO
automation/instagram/like-user-followers.py,like-user-followers.py,instagram,NO
automation/instagram/ipython.py,ipython.py,instagram,NO
automation/instagram/instagram-botComment.py,instagram-botComment.py,instagram,NO
automation/instagram/calculator.py,calculator.py,instagram,NO
automation/instagram/backup-installations.py,backup-installations.py,instagram,NO
automation/instagram/pager.py,pager.py,instagram,NO
automation/instagram/delete-posts.py,delete-posts.py,instagram,NO
automation/instagram/follow-user-followers.py,follow-user-followers.py,instagram,NO
automation/instagram/infinity-feedliker.py,infinity-feedliker.py,instagram,NO
automation/instagram/cloud-services-delete.py,cloud-services-delete.py,instagram,NO
automation/instagram/gdrive.py,gdrive.py,instagram,NO
automation/instagram/instareport-libs-attack.py,instareport-libs-attack.py,instagram,NO
automation/instagram/deepgram-updated.py,deepgram-updated.py,instagram,NO
automation/instagram/filter-private-profiles.py,filter-private-profiles.py,instagram,NO
automation/instagram/formdata.py,formdata.py,instagram,NO
automation/instagram/MultiThread.py,MultiThread.py,instagram,NO
automation/instagram/instagram-direct-send-photo.py,instagram-direct-send-photo.py,instagram,NO
automation/instagram/etree.py,etree.py,instagram,NO
automation/instagram/singleton.py,singleton.py,instagram,NO
automation/instagram/payloadpage.py,payloadpage.py,instagram,NO
automation/instagram/optimizer.py,optimizer.py,instagram,NO
automation/instagram/save-users-following.py,save-users-following.py,instagram,NO
automation/instagram/instagram.py,instagram.py,instagram,NO
automation/instagram/sysinfo.py,sysinfo.py,instagram,NO
automation/instagram/welcome-message.py,welcome-message.py,instagram,NO
automation/instagram/script_simple.py,instagram-script_simple.py,instagram,YES
automation/instagram/like-hashtags-from.py,like-hashtags-from.py,instagram,NO
automation/instagram/launcher.py,launcher.py,instagram,NO
automation/instagram/scripts.py,scripts.py,instagram,NO
automation/instagram/dummies.py,dummies.py,instagram,NO
automation/instagram/direct.py,direct.py,instagram,NO
automation/instagram/openai-missingapikeyerror.py,openai-missingapikeyerror.py,instagram,NO
automation/instagram/follow-users-from.py,follow-users-from.py,instagram,NO
automation/instagram/converters.py,converters.py,instagram,NO
automation/instagram/structures.py,structures.py,instagram,NO
automation/instagram/parse_main.py,parse_main.py,instagram,NO
automation/instagram/social-platforms-instagram-botError.py,social-platforms-instagram-botError.py,instagram,NO
automation/instagram/restarter.py,restarter.py,instagram,NO
automation/instagram/nativetypes.py,nativetypes.py,instagram,NO
automation/instagram/filter-blacklist-hashtag.py,filter-blacklist-hashtag.py,instagram,NO
automation/instagram/like-location-feed.py,like-location-feed.py,instagram,NO
automation/instagram/instagram-download-your-photos.py,instagram-download-your-photos.py,instagram,NO
automation/instagram/verify.py,verify.py,instagram,NO
automation/instagram/displayhook.py,displayhook.py,instagram,NO
automation/instagram/instagram-save-users-followers.py,instagram-save-users-followers.py,instagram,NO
automation/instagram/parse.py,instagram-parse.py,instagram,YES
automation/instagram/followers.py,followers.py,instagram,NO
automation/instagram/installations.py,installations.py,instagram,NO
automation/instagram/unfollow-followers.py,unfollow-followers.py,instagram,NO
automation/instagram/_RefreshThread.py,_RefreshThread.py,instagram,NO
automation/instagram/resolution.py,resolution.py,instagram,NO
automation/instagram/unarchive.py,unarchive.py,instagram,NO
automation/instagram/like-user-following.py,like-user-following.py,instagram,NO
automation/instagram/like-hashtags.py,like-hashtags.py,instagram,NO
automation/instagram/like-follow.py,like-follow.py,instagram,NO
automation/instagram/editorhooks.py,editorhooks.py,instagram,NO
automation/instagram/interact.py,interact.py,instagram,NO
automation/instagram/follow-user-following.py,follow-user-following.py,instagram,NO
automation/instagram/playing.py,playing.py,instagram,NO
automation/instagram/pandas_interchange_column.py,pandas_interchange_column.py,instagram,NO
automation/instagram/github_repo_audit.py,github_repo_audit.py,instagram,NO
automation/instagram/genshi.py,genshi.py,instagram,NO
automation/instagram/scheme.py,scheme.py,instagram,NO
automation/instagram/macro.py,macro.py,instagram,NO
automation/instagram/software.py,software.py,instagram,NO
automation/instagram/quickstart.py,quickstart.py,instagram,NO
automation/instagram/analyze.py,analyze.py,instagram,NO
automation/instagram/like-users-from.py,like-users-from.py,instagram,NO
automation/instagram/extract-video-reader.py,extract-video-reader.py,instagram,NO
automation/instagram/state.py,state.py,instagram,NO
automation/instagram/reportbot.py,reportbot.py,instagram,NO
automation/instagram/black-white.py,black-white.py,instagram,NO
automation/instagram/get_hashtags_from.py,get_hashtags_from.py,instagram,NO
automation/instagram/good-usage.py,good-usage.py,instagram,NO
automation/instagram/unused.py,unused.py,instagram,NO
media/pexels/download_vid.py,download_vid.py,pexels,NO
media/leonardo/leonardo.py,leonardo.py,leonardo,NO
media/leonardo/myinfo.py,myinfo.py,leonardo,NO
media/leonardo/generation.py,generation.py,leonardo,NO
media/leonardo/convert-loop2.py,convert-loop2.py,leonardo,NO
media/leonardo/convert-loop.py,convert-loop.py,leonardo,NO
media/leonardo/download.py,leonardo-download.py,leonardo,YES
media/leonardo/convert.py,leonardo-convert.py,leonardo,YES
media/leonardo/2leomotion.py,2leomotion.py,leonardo,NO
media/leonardo/avatar-download.py,avatar-download.py,leonardo,NO
media/leonardo/download-1.py,leonardo-download-1.py,leonardo,YES
media/leonardo/leodown.py,leodown.py,leonardo,NO
media/leonardo/api.py,api.py,leonardo,NO
media/leonardo/leoup.py,leoup.py,leonardo,NO
media/leonardo/processr.py,processr.py,leonardo,NO
media/leonardo/adown.py,adown.py,leonardo,NO
media/leonardo/universe4.py,universe4.py,leonardo,NO
media/leonardo/content-factory.py,content-factory.py,leonardo,NO
media/leonardo/process.py,leonardo-process.py,leonardo,YES
media/leonardo/content-creation-leonardo.py,content-creation-leonardo.py,leonardo,NO
media/giphy/giphy-download.py,giphy-download.py,giphy,NO
media/giphy/giphy_downloader.py,giphy_downloader.py,giphy,NO
media/whisper/analyze-mp3-transcript-prompts.py,analyze-mp3-transcript-prompts.py,whisper,NO
media/whisper/whispertext.py,whispertext.py,whisper,NO
media/whisper/transcript.py,whisper-transcript.py,whisper,YES
media/whisper/transcribe-analyze-local.py,transcribe-analyze-local.py,whisper,NO
media/whisper/WhisperTranscriber.py,WhisperTranscriber.py,whisper,NO
media/whisper/verbose-transcriber.py,verbose-transcriber.py,whisper,NO
media/whisper/whisper.py,whisper.py,whisper,NO
media/whisper/combiner.py,combiner.py,whisper,NO
media/whisper/convert-mp4-transcribe.py,convert-mp4-transcribe.py,whisper,NO
