hash,path,size_kb
0d76d4b64b3689b678628fbc54eef25d5c0490ed,/Users/steven/Documents/HTML/misc/TrashCaTs_Anti-Valentine_Fun 1.html,74632
0ed51f7f8806f009e17da42f59d878ed882ad823,/Users/steven/Documents/HTML/misc/TrashCat-ZomBot-origins-research.html,69484
113149e467cb694301caf83141f77655de6a8bab,/Users/steven/Documents/HTML/misc/Rebel_Raccoon_Anti-Valentine_Grunge.html,56884
1160055c0f68892bbdb91db86b1b88f9fd2f9ca9,/Users/steven/Documents/HTML/misc/Song_Style_Request.html,88992
1c7bf6ad8360bff424744b125633730d485cf6bc,/Users/steven/Documents/HTML/misc/anti-Valentine_TrashCaT-origins_Designs.html,109316
1fa4064ecaf586ad1733f55db1e108c3604310a6,/Users/steven/Documents/HTML/misc/Raccoon Alley Album Art(83% copy).html,216864
21b7acec7dd4457950a9e4b0eccefdd393ad2c2a,/Users/steven/Documents/HTML/misc/Silent_Retribution_Toxic_Secrets-2025-05-01.html,54420
24325400317a258b7f09bea1dee2054f4ab99698,/Users/steven/Documents/HTML/misc/American Dream Under Threat.html,94216
3fc926b201883e8c964c5f45d2f2a2e06dd91376,/Users/steven/Documents/HTML/misc/TrashCat_Origins-Songs.html,88992
5a12136f71b54166810b8bcf50fb55acdc7f95cd,/Users/steven/Documents/HTML/misc/Bringing_Freedom_to_Life.html,74524
5a36a919e7eb0b2dc0c8027779b92c5f37d09262,/Users/steven/Documents/HTML/misc/Raccoon_Image_Prompts.html,122684
63a01db5828ca0c3f36b7017c71dd4ec2db74bf6,/Users/steven/Documents/HTML/misc/YouTube_Shorts_Series_on_American_Disaster_and_Project_2025-2025-05-01 1.html,85980
6cbff8b1ccb504c2e5345e7e7039df60044cf5a5,/Users/steven/Documents/Docs/05_Documentation_and_Notes/comprehensive_docs/portfolio/ChatGPT-Automation-Sora-epic.html,106912
6cd1c784bb8fffd04e91105a49ac241f30a9876e,/Users/steven/Documents/Docs/05_Documentation_and_Notes/comprehensive_docs/portfolio/chat.html,297932
90b93604f881ab2c0113c2f862a40233d27ab736,/Users/steven/Documents/HTML/misc/Witches_Road_Album_Cover.html,104956
a6fdd9c357a55d2d707ec4dae02e8f2fca8202be,/Users/steven/Documents/Docs/05_Documentation_and_Notes/comprehensive_docs/portfolio/Automation-Sora-epic.html,107440
aaa01c6cbe350871983822a89e3b57a156247c30,/Users/steven/Documents/HTML/misc/TrashCat_Alley_Album_Art_Origins.html,259556
b465b0512c4533fb1ce9f75f5ad1215067dd917e,/Users/steven/Documents/HTML/misc/TrashCat_CoverArt.html,109144
c03f26fc06c08dd576f89a4527e781c0d82328c2,/Users/steven/Documents/HTML/misc/TrashCat_Anti-Valentine-FunnyTypography_Design.html,75812
c9dfe9fe4620b890301383cf0af18ba7fae280d7,/Users/steven/Documents/HTML/misc/EPIC TYPO City.html,51380
ccd8e5a616143f4d4b0a1e936f3dca13e4e6e017,/Users/steven/Documents/HTML/misc/Silent_Retribution_Toxic_Secrets-2025-05-01 (1) 1.html,54420
d1744b3ce56ea15ad199d2814e3296bab655fce3,/Users/steven/Documents/HTML/misc/FancyGraphic(81% copy).html,95344
deb8f86a122d54cf6654c34f50fbdca517f70b20,/Users/steven/Documents/HTML/misc/ComicAwesome-2025-05-04 1.html,76620
df35e02fe023a1f72cd5ac605bfe1cbf0f6a9f42,/Users/steven/Documents/HTML/misc/Raccoon Image Prompts-2(81% copy).html,100428
e47d65c9d88ddd0104d563d7e888886229296967,/Users/steven/Documents/HTML/misc/Optimize Etsy CSV Missing.(80% copy).html,136164
e9127326eeed6e7b1c3abd3de00d4a5a484a0a83,/Users/steven/Documents/HTML/misc/Snowman Action Scenes.html,183080
