Category,Path,Count,Size (bytes),Size (GB)
Directory,AVATARARTS/ai-sites/ORGANIZED/documents,2062,4309001,0.00
Directory,AVATARARTS/organized_intelligent/Development_and_Code,1661,526396475,0.49
Directory,Pictures/DaLLe/prompts,1572,719504,0.00
Directory,Pictures/ideoGram/ideo/auto,1311,57030854,0.05
Directory,Pictures/ideoGram/ideo,1304,349144457,0.33
Directory,Music/nocTurneMeLoDieS/transcript,1210,2585509,0.00
Directory,Pictures/DaLLe/images/photos,1143,762636313,0.71
Directory,AVATARARTS/ai-ml-notes,1104,107105319,0.10
Directory,AVATARARTS/organized_intelligent/Uncategorized,1083,27756741,0.03
Directory,Pictures/ideoGram/ideo/public,1044,51647693,0.05
Directory,Music/analysis,961,1963478,0.00
Directory,Pictures/ideoGram/ideo-xmas-T,926,137449982,0.13
Directory,Pictures/ideoGram/ideo-xmas-T/Poster,859,159383308,0.15
Directory,Documents/json/_misnamed_rtf,840,19030840,0.02
Directory,Downloads/Compressed/final_sorted_scripts/miscellaneous,713,8809217,0.01
Directory,AVATARARTS/organized_intelligent/Visual_Arts_and_Design,709,1146881677,1.07
Directory,Pictures/etsy/09_mockups_templates,644,591130641,0.55
Directory,Music/nocTurneMeLoDieS/MP3,561,2699807915,2.51
Directory,Music/Loose_MP3s,456,2321805398,2.16
Directory,Documents/HTML/Portfolio,452,28283303,0.03
Directory,AVATARARTS,447,255560717,0.24
Directory,Downloads/Superpower-ChatGPT-Gallery/809aa6f8-683b-4805-9728-49424f87f16a,423,67901621,0.06
Directory,Documents/CsV,400,397623341,0.37
Directory,Pictures/cLeanShoT,398,2540075385,2.37
Directory,AVATARARTS/organized_intelligent/Business_and_Strategy,356,27896175,0.03
Directory,AVATARARTS/organized_intelligent/Writing_and_Narrative,342,43132980,0.04
Directory,Music/nocTurneMeLoDieS/IMAGES,339,220566382,0.21
Directory,Documents/json/misc-data,315,1024559,0.00
Directory,GitHub/02_media_processing/image_tools,307,5741358,0.01
Directory,Pictures/etsy/08_holiday_designs,295,815493421,0.76
Directory,scripts/sh,292,56733684,0.05
Directory,AVATARARTS/ai-sites/ORGANIZED/other,280,7647326,0.01
Directory,Pictures/etsy/07_animal_designs,273,540457100,0.50
Directory,Downloads/Superpower-ChatGPT-Gallery/d508d291-7d2d-450b-88da-2e21950dce5b,271,54534366,0.05
Directory,Movies/Ai-Art-Mp4,261,8678214767,8.08
Directory,Music/nocTurneMeLoDieS/Discorgraphy_archive/TRANSCRIPTS,243,604843,0.00
Directory,AVATARARTS/ai-sites/New_Folder_With_Items_3_ORGANIZED/documents,240,19242568,0.02
Directory,Downloads/backup-chrome-2025-12-28T22-15-17-030Z,239,8650589,0.01
Directory,Music/nocTurneMeLoDieS/analysis,237,1277602,0.00
Directory,Downloads/Superpower-ChatGPT-Gallery/ced8a89f-ee85-415a-b309-e3469c9c0543,236,45076967,0.04
Directory,Movies/1960-horror,231,360551643,0.34
Directory,AVATARARTS/Dr_Adu_GainesvillePFS_SEO_Project/01_Project_Files,228,53435558,0.05
Directory,claude-Convos/conversations/conversation,226,4390217,0.00
Directory,GitHub/AvaTarArTs-Suite/media/image,218,4919976,0.00
Directory,Downloads/Superpower-ChatGPT-Gallery/677756c9-1730-8010-8d17-d23936c52012,213,59776311,0.06
Directory,Pictures/etsy/09_mockups_templates/svg,206,848445793,0.79
Directory,Pictures/etsy/04_halloween_designs,200,534465532,0.50
Directory,Documents/PasTe-Export/paste-clipboard-export,197,2404311,0.00
Directory,pythons,195,90420302,0.08
Directory,Downloads/Superpower-ChatGPT-Gallery/b3520e17-5a05-4738-951d-5d36e219d2da,193,65419141,0.06
Directory,Music/quiz,177,143170744,0.13
Directory,AVATARARTS/ai-sites/ORGANIZED/images,169,48715507,0.05
Directory,Music/nocTurneMeLoDieS/Discorgraphy_archive/OTHER,167,17946698,0.02
Directory,Pictures/etsy/06_funny_quotes,166,288004702,0.27
Directory,pythons/DATA_UTILITIES/doc-generator/content,164,37050621,0.03
Directory,Music/nocTurneMeLoDieS/DOCS/guides,164,12834878,0.01
Directory,Pictures/carbon-images,160,29156546,0.03
Directory,Downloads/backup-chrome-2025-10-27T10-32-31-839Z,156,3540517,0.00
Directory,Downloads,151,911933821,0.85
Directory,Pictures/2025-simgall/images/photos,149,366536571,0.34
Directory,Downloads/Superpower-ChatGPT-Gallery/ab630348-e504-4ec4-b6da-9dc6335c1117,148,32809100,0.03
Directory,Documents/HTML,146,140650135,0.13
Directory,Downloads/Superpower-ChatGPT-Gallery/4a244773-ae94-41c2-9733-aff18067603d,145,30522685,0.03
Directory,Movies/analysis,142,306292,0.00
Directory,Downloads/Superpower-ChatGPT-Gallery/fa2861fa-b775-4a30-8b40-2e7c96648008,132,30500566,0.03
Directory,Downloads/Compressed/Takeout/Drive,127,11061466,0.01
Directory,Pictures/ideo-xmas-T,127,13144950700,12.24
Directory,Downloads/Superpower-ChatGPT-Gallery/86800ff2-d9a2-4c6e-88db-65486022a434,125,43439287,0.04
Directory,claude-Convos/claude_export_all_2025-12-27,124,82118175,0.08
Directory,GitHub/02_media_processing/video_tools,122,1159071,0.00
Directory,Downloads/Superpower-ChatGPT-Gallery/3319b75d-262b-4c95-8ed1-5ac11feed9ed,122,27938402,0.03
Directory,Downloads/Superpower-ChatGPT-Gallery/c3aa162f-bd98-4012-b42c-c8135ef67619,121,30049329,0.03
Directory,AVATARARTS/advanced_toolkit,120,10338905,0.01
Directory,Downloads/Superpower-ChatGPT-Gallery/594805d0-27bd-48f2-b7ad-8c5c2748fe6c,118,24161939,0.02
Directory,AVATARARTS/MASTER_SEO_PACKAGE_2024/CSV_INVENTORIES,116,35304446,0.03
Directory,AVATARARTS/ai-sites/New_Folder_With_Items_3_ORGANIZED/html_files,114,187179139,0.17
Directory,Pictures/etsy/05_raccoon_designs,109,549068928,0.51
Directory,claude-Convos/conversations/csv,106,1669775,0.00
Directory,Downloads/Superpower-ChatGPT-Gallery/f1d24027-586a-4d7c-8cc9-22524f929dc1,105,26943774,0.03
Directory,Downloads/Compressed/final_sorted_scripts/testing_debug,102,577803,0.00
Directory,Downloads/Superpower-ChatGPT-Gallery/ae1b6857-32bb-42a2-955b-50c756231978,99,23967335,0.02
Directory,Downloads/Compressed,97,26869116165,25.02
Directory,AVATARARTS/organized_intelligent/Cinema_and_Video,96,99434896,0.09
Directory,GitHub/06_development_tools/development_utilities,96,561693,0.00
Directory,GitHub/AvaTarArTs-Suite/media/video,93,931819,0.00
Directory,Downloads/Superpower-ChatGPT-Gallery/e2fa6d88-6850-4566-af0c-d8e7951a31f0,92,42665948,0.04
Directory,Music/nocTurneMeLoDieS/suno-csv,92,36079943,0.03
Directory,claude-Convos/conversations/docs/conversations,92,2408106,0.00
Directory,Downloads/Superpower-ChatGPT-Gallery/1ef2f2a8-91fb-4d17-8be2-d0ccbdbffe44,88,17030228,0.02
Directory,pythons/MarkD,87,2048797,0.00
Directory,Downloads/Superpower-ChatGPT-Gallery/d0715c60-51bd-49ac-acf4-1f30fba7cf2e,87,25916102,0.02
Directory,claude-Convos/Claude-Courses,87,6920691,0.01
Directory,Documents/Hookmark/.history,86,2155246,0.00
Directory,Downloads/Superpower-ChatGPT-Gallery/42e09474-2385-4d3e-b413-12c1fb8231d6,86,25755306,0.02
Directory,AVATARARTS/organized_intelligent/Music_and_Audio,85,66125268,0.06
Directory,GitHub/AvaTarArTs-Suite/devtools/development_utilities,81,479861,0.00
Directory,Pictures/etsy/03_t_shirt_designs,81,95369288,0.09
Directory,AVATARARTS/ai-sites/ORGANIZED/scripts,78,282664,0.00
Directory,Downloads/Superpower-ChatGPT-Gallery/0254b2ed-0ca4-4384-963b-868343eeb5e1,78,23959855,0.02
Directory,Downloads/Compressed/final_sorted_scripts/social_automation,78,468664,0.00
Directory,Music/nocTurneMeLoDieS/suno-json,77,2760399,0.00
Directory,Downloads/Superpower-ChatGPT-Gallery/8f984ea9-ac6c-4b46-a415-94efae973975,73,20854937,0.02
Directory,Pictures/ideoGram/ideo/private,71,7852791,0.01
Directory,Downloads/Superpower-ChatGPT-Gallery/8635ba52-d657-422a-b686-9b7510069d71,70,12387617,0.01
Directory,AVATARARTS/gol-ia-newq/nevets/sresU,68,10391242,0.01
Directory,Documents/markD,67,6627396,0.01
Directory,Movies/trans,67,73935,0.00
Directory,Music/nocTurneMeLoDieS/Discorgraphy_archive/MARKDOWN_DOCS,66,2678379,0.00
Directory,Documents/json/automation-workflows,65,20062904,0.02
Directory,GitHub/03_automation_platforms/api_integrations,64,388875,0.00
Directory,Downloads/Superpower-ChatGPT-Gallery/bf4a73d9-57a7-4cde-8911-552420199c5f,64,14813768,0.01
Directory,Pictures,63,397949583,0.37
Directory,AVATARARTS/ai-sites/disco/mp3,62,63410207,0.06
Directory,GitHub/AvaTarArTs-Suite/automation/api_integrations,62,378885,0.00
Directory,Downloads/Superpower-ChatGPT-Gallery/670479d6-3fec-8010-bdcb-7af939b586e5,62,20138402,0.02
Directory,Downloads/Superpower-ChatGPT-Gallery/3dfaf184-9c90-4bc0-bee4-aa8231d24dba,62,11403304,0.01
Directory,Downloads/Superpower-ChatGPT-Gallery/f0c70587-c3cf-406d-8be8-98af0401685e,62,23391510,0.02
Directory,Downloads/Superpower-ChatGPT-Gallery/dfad4c14-28f3-4f8c-baa3-a0eeee8a1535,62,13106919,0.01
Directory,GitHub/whisper.cpp/examples/talk-llama,61,1919383,0.00
Directory,Documents,60,625521652,0.58
Directory,Downloads/Superpower-ChatGPT-Gallery/66ddc8f8-044c-8010-8ad5-66e484d79e74,59,15167687,0.01
Directory,Downloads/06_Archives/zzip,59,442082840,0.41
Directory,AVATARARTS/ai-sites/dalle-fix/.history,58,478012,0.00
Directory,Downloads/Superpower-ChatGPT-Gallery/361021c3-8645-443e-801d-1ce36abdc33d,58,13624506,0.01
Directory,Downloads/Superpower-ChatGPT-Gallery/050ba120-56ef-4418-91d7-b81da3888fc6,57,9150817,0.01
Directory,Downloads/Superpower-ChatGPT-Gallery/4071ef5f-58f4-4676-8ed1-b12dbaad1a40,56,15856226,0.01
Directory,Downloads/Superpower-ChatGPT-Gallery/d62c1911-c1e8-4029-8e13-c9fb68730914,54,5209939,0.00
Directory,AVATARARTS/archive/LIVE-DEPLOYMENT,53,126332595,0.12
Directory,AVATARARTS/Dr_Adu_GainesvillePFS_SEO_Project,53,96458450,0.09
Directory,Downloads/Superpower-ChatGPT-Gallery/c7be0577-ed78-4764-be2c-14004d96899c,53,10631937,0.01
Directory,Downloads/Superpower-ChatGPT-Gallery/d4e15963-912d-4568-9930-b00cc6ee4aae,52,9557627,0.01
Directory,Downloads/Superpower-ChatGPT-Gallery/057de14e-6fad-4079-b89f-23fff2e2543c,52,12631792,0.01
Directory,Downloads/Superpower-ChatGPT-Gallery/66e1fd60-c888-8010-ab8c-e1127ede3bae,52,11615803,0.01
Directory,Downloads/Superpower-ChatGPT-Gallery/66dc214d-a180-8010-9ca7-95a5179669bc,51,16013552,0.01
Directory,Downloads/Superpower-ChatGPT-Gallery/6f97fdd3-f25b-40b7-ade2-2605d6b98393,51,24225529,0.02
Directory,Downloads/Superpower-ChatGPT-Gallery/67130b09-a4d8-8010-8408-4b1de4774109,50,15071497,0.01
Directory,Music/nocTurneMeLoDieS,50,538162922,0.50
Directory,Movies,50,1177552734,1.10
Directory,Movies/mp4,49,232808089,0.22
Directory,GitHub/02_media_processing/audio_tools,48,417191,0.00
Directory,pythons/ai-comic-factory-main/src/lib,48,36845,0.00
Directory,Downloads/Superpower-ChatGPT-Gallery/67c9143d-d46c-8010-ac6a-57feb4435cbb,48,16267558,0.02
Directory,Downloads/Superpower-ChatGPT-Gallery/3caeb401-8ae7-44bd-869b-7655658bc34d,48,12690356,0.01
Directory,Pictures/Adobe,48,3580134001,3.33
Directory,Downloads/Superpower-ChatGPT-Gallery/3917da12-e77a-4217-864c-11f9ba63c7af,47,13166831,0.01
Directory,Downloads/Superpower-ChatGPT-Gallery/8e2f951e-9c1b-4ae3-a472-827f147461b1,47,7845937,0.01
Directory,Pictures/eso-clockwork-magic,47,250687697,0.23
Directory,Downloads/Superpower-ChatGPT-Gallery/17c521f9-c2fd-4eb1-91d4-6283214ab52c,45,6855803,0.01
Directory,Downloads/ideo-notiojn/ideoGram 15b36221d8b280918368e1dcfdedff3c,45,144226,0.00
Directory,Music/nocTurneMeLoDieS/csv/.history,45,36280793,0.03
Directory,Pictures/carbons,45,48154904,0.04
Directory,Pictures/etsy,45,3666100081,3.41
Directory,Movies/CapCut/User Data/Config,45,114479,0.00
Directory,pythons/file_organization,44,417358,0.00
Directory,Downloads/Superpower-ChatGPT-Gallery/98162b0f-5efa-44ed-ac86-5489ee7e96b2,44,7356338,0.01
Directory,Movies/ESO/high-isle-text,44,119435879,0.11
Directory,GitHub/08_archived/backups/05_data_management,43,310459,0.00
Directory,Music/nocTurneMeLoDieS/suno-analytics-seo/suno-music,43,200474090,0.19
Directory,GitHub/aider/aider,42,445548,0.00
Directory,Downloads/Superpower-ChatGPT-Gallery/b402e75f-ec30-4f58-bea9-fe32d57e2c76,42,8664022,0.01
Directory,Downloads/gol-ia-newq/nevets/sresU,42,6304243,0.01
Directory,Pictures/Guilds-Glory,42,52921178,0.05
Directory,GitHub/AvaTarArTs-Suite/docs/reports,41,28290386,0.03
Directory,Downloads/Superpower-ChatGPT-Gallery/05c96a7c-daa3-471f-b62a-86c70483eaff,41,7695954,0.01
Directory,Music/nocTurneMeLoDieS/suno-md,41,3723353,0.00
Directory,Movies/TV/Previous Libraries.localized/.localized,41,3850,0.00
Directory,pythons/txt,40,6698559,0.01
Directory,Pictures/ideoGram/ideo-notion,40,27838573,0.03
Directory,Downloads/Superpower-ChatGPT-Gallery/8df51f2c-e5b5-40a6-ab11-a76cc3aee58e,39,5785748,0.01
Directory,Downloads/Superpower-ChatGPT-Gallery/6701236c-c598-8010-973a-3cfe893a6912,39,11821531,0.01
Directory,Music/nocTurneMeLoDieS/pdf,39,208629198,0.19
Directory,Movies/TV/Media.localized/.localized,39,2422,0.00
Directory,GitHub/aider/aider/coders,38,230577,0.00
Directory,GitHub/AvaTarArTs-Suite/media/audio,38,365447,0.00
Directory,Documents/cursor-chats-export,38,2423539,0.00
Directory,GitHub/deepgram-python-sdk/.ruff_cache/0.14.6,37,36512,0.00
Directory,GitHub/AvaTarArTs-Suite/data/file_organization,37,277314,0.00
Directory,Downloads/Superpower-ChatGPT-Gallery/1c5da8d6-14aa-439a-9c73-3642cc597dbb,36,9661160,0.01
Directory,scripts,35,2955930,0.00
Directory,Downloads/Superpower-ChatGPT-Gallery/257c1a56-ad40-43a4-b37b-379e6d0007d4,35,5922773,0.01
Directory,Downloads/Compressed/final_sorted_scripts/file_management,35,515961,0.00
Directory,AVATARARTS/ai-sites/n8n,34,1031512,0.00
Directory,AVATARARTS/reports,34,331164,0.00
Directory,GitHub/n8n,34,2470861,0.00
Directory,Downloads/Superpower-ChatGPT-Gallery/a4684be4-ca43-41e9-9a94-5949023934a1,34,6248367,0.01
Directory,Downloads/Superpower-ChatGPT-Gallery/68e56f8d-3588-832b-994e-b53288f3e091,34,32266893,0.03
Directory,Pictures/sora/.history,34,36156930,0.03
Directory,Documents/markD/general-notes,33,51518,0.00
Directory,Downloads/Superpower-ChatGPT-Gallery/aefdc73f-0cae-4740-a185-87a8db586eb5,33,6477906,0.01
Directory,Downloads/Compressed/final_sorted_scripts/ai_tools,33,189903,0.00
Directory,Pictures/carbons/CarbonCards,33,40848586,0.04
Directory,AVATARARTS/ai-sites/heavenlyHands copy/intelligent-organization-system,32,292605798,0.27
Directory,GitHub/aider/tests/basic,32,450074,0.00
Directory,Downloads/Superpower-ChatGPT-Gallery/7e61665b-f713-4320-a1f2-b114893f6ee4,32,5875964,0.01
Directory,Music/nocTurneMeLoDieS/suno-python,32,311797,0.00
Directory,GitHub/gorilla/data/apizoo,31,18105699,0.02
Directory,pythons/audio_video_conversion,31,494758,0.00
Directory,Downloads/Superpower-ChatGPT-Gallery/267b35f8-e73f-4b84-a520-17a5ff7aee26,31,9112380,0.01
Directory,Downloads/Compressed/final_sorted_scripts/transcription,31,218190,0.00
Directory,pythons/axolotl-main/docs,30,149060,0.00
Directory,Documents/Hookmark/templates/built-in templates,30,636735,0.00
Directory,Documents/json/openai-api,30,724352,0.00
Directory,Downloads/Superpower-ChatGPT-Gallery/70aa8350-a851-40da-82d0-8ed899d3f3c6,30,7775997,0.01
Directory,Music/nocTurneMeLoDieS/.history,30,15843247,0.01
Directory,AVATARARTS/ai-sites/AvaTarArTs/css,29,199292,0.00
Directory,GitHub/03_automation_platforms/web_automation,29,239631,0.00
Directory,GitHub/AvaTarArTs-Suite/automation/web,29,240394,0.00
Directory,Music/nocTurneMeLoDieS/suno-htmll,29,46596554,0.04
Directory,Music/nocTurneMeLoDieS/csv,29,3878857,0.00
Directory,Music/nocTurneMeLoDieS/mp3-analyze-transcribe,29,378542,0.00
Directory,GitHub/qwen-code/integration-tests,28,129262,0.00
Directory,GitHub/whisper.cpp/models,28,154147038,0.14
Directory,Downloads/Superpower-ChatGPT-Gallery/66dfb87b-b7f0-8010-8daa-26a0e98a6421,28,5810411,0.01
Directory,Downloads/Compressed/final_sorted_scripts/data_utils,28,158372,0.00
Directory,Pictures/AwesomeArtUpscale,28,55402724,0.05
Directory,Downloads/Superpower-ChatGPT-Gallery/fb166dea-3a9a-42d0-8fec-ae146ba7d27b,27,7132342,0.01
Directory,Downloads/scripts-to-remove,27,212061,0.00
Directory,AVATARARTS/ai-sites,26,116887865,0.11
Directory,pythons/documentation/md,26,285714,0.00
Directory,Documents/Hookmark,26,201873,0.00
Directory,Downloads/Superpower-ChatGPT-Gallery/43337f00-1b4f-4131-8814-553aaa8c1649,26,3720808,0.00
Directory,Downloads/Superpower-ChatGPT-Gallery/66e3f217-5ed8-8010-a62a-301078037197,26,5465823,0.01
Directory,Downloads/categories,26,78283,0.00
Directory,AVATARARTS/ai-sites/ORGANIZED/data,25,2952759,0.00
Directory,pythons/AUTOMATION_BOTS/social_media_automation/social_media_part2,25,195528,0.00
Directory,pythons/AUTOMATION_BOTS/social_media_automation/social_media_part1,25,197153,0.00
Directory,pythons/axolotl-main,25,109946,0.00
Directory,pythons/DATA_UTILITIES/data,25,10191640,0.01
Directory,Documents/markD/programming,25,81371,0.00
Directory,Downloads/Superpower-ChatGPT-Gallery/ac0fda47-27c6-465a-82b2-042ac4e6294e,25,6421613,0.01
Directory,Music/Aeo-Seo-Podcast-Stories/As_A_Man_Thinketh,25,236871,0.00
Directory,Movies/intro-outro,25,281339961,0.26
Directory,Movies/TaskAde,25,276411672,0.26
Directory,pythons/documentation,24,225981,0.00
Directory,Downloads/Superpower-ChatGPT-Gallery/66df8ea0-83c8-8010-930b-b9730fec0f52,24,6783205,0.01
Directory,Downloads/Superpower-ChatGPT-Gallery/3d5683e1-9727-4e7c-b067-da322144e7ca,24,5445682,0.01
Directory,Downloads/Superpower-ChatGPT-Gallery/67a7199d-cd18-8010-8a77-9d05ca171473,24,8994394,0.01
Directory,Music/nocTurneMeLoDieS/zip,24,9318748375,8.68
Directory,Pictures/Adobe/Resource-Boy,24,1001995806,0.93
Directory,GitHub/whisper.cpp/examples,23,5255921,0.00
Directory,pythons/code_analysis,23,300923,0.00
Directory,Downloads/pipreqs_env/bin,23,58915,0.00
Directory,Music/Aeo-Seo-Podcast-Stories/Elion's Divine Quest Unveiling Secrets,23,25102221,0.02
Directory,GitHub/aider/scripts,22,116566,0.00
Directory,Documents/json/config-files,22,140582,0.00
Directory,Downloads/04_Images,22,328753421,0.31
Directory,Downloads/Superpower-ChatGPT-Gallery/bdeb9d3b-c4d5-4fe6-b3e3-756f250b4f33,22,4139832,0.00
Directory,Downloads/Superpower-ChatGPT-Gallery/67e76605-3018-8010-801c-320b43b440d6,22,19969903,0.02
Directory,Downloads/google-cloud-sdk/.install,22,1477529,0.00
Directory,Music/Aeo-Seo-Podcast-Stories/As_A_Man_Thinketh/Complete_Chapters,22,128925497,0.12
Directory,Pictures/silent-retribution,22,2151711,0.00
Directory,Movies/MeH,22,178960142,0.17
Directory,AVATARARTS/ai-sites/heavenlyHands,21,106135257,0.10
Directory,GitHub/aider/benchmark,21,91839,0.00
Directory,GitHub/02_media_processing/format_conversion,21,185907,0.00
Directory,GitHub/telegram-bot-api/td/test,21,494604,0.00
Directory,GitHub/AvaTarArTs-Suite,21,2325832,0.00
Directory,GitHub/AvaTarArTs-Suite/media/processing,21,186435,0.00
Directory,pythons/simplegallery,21,2705022,0.00
Directory,Downloads/Superpower-ChatGPT-Gallery/66db9a90-6060-8010-9358-30fdea989bd9,21,6924795,0.01
Directory,Pictures/zombot-avatararts,21,5114151,0.00
Directory,Movies/ESO/Main,21,98124308,0.09
Directory,AVATARARTS/Portfolio,20,825553,0.00
Directory,GitHub/mkdocs-material,20,779359,0.00
Directory,GitHub/qwen-code/scripts,20,89601,0.00
Directory,GitHub/telegram-bot-api/td/benchmark,20,130247,0.00
Directory,GitHub/AvaTarArTs-Suite/docs/organization,20,386519,0.00
Directory,pythons/2T-Xx-python/MEDIA_PROCESSING/image_upscaling,20,169357,0.00
Directory,pythons/simplegallery/2.0,20,105826,0.00
Directory,Documents/CsV/xlsx,20,463374,0.00
Directory,Downloads/Misc,20,289955525,0.27
Directory,Downloads/Superpower-ChatGPT-Gallery/6728ddae-df94-8010-b919-323ae0ab5c12,20,6086446,0.01
Directory,Downloads/Superpower-ChatGPT-Gallery/68ec46ca-b3f0-832e-ab7c-e700f8d480fe,20,32154586,0.03
Directory,Downloads/Superpower-ChatGPT-Gallery/dc82c2ae-455d-49e3-bd5d-e365b22b0a8f,20,7847373,0.01
Directory,Downloads/Superpower-ChatGPT-Gallery/c63c4ef0-6fda-45ee-a0b5-560d6fd81e9a,20,7670029,0.01
Directory,Downloads/Compressed/sunova-mcp-main/sunova-visualize,20,703162,0.00
Directory,Downloads/Compressed/final_sorted_scripts/video_tools,20,109577,0.00
Directory,Music/nocTurneMeLoDieS/trashcat-projects,20,206800067,0.19
Directory,Pictures/mydesigns/Funny Skeleton Life Tarot Card,20,149780004,0.14
Directory,Movies/cohpromo,20,224160143,0.21
Directory,Movies/KRAMPUS,20,1242483,0.00
Directory,GitHub/qwen-code,19,808659,0.00
Directory,GitHub/deepgram-python-sdk/tests/unit,19,313220,0.00
Directory,GitHub/telegram-bot-api/telegram-bot-api,19,931456,0.00
Directory,Pictures/ideoGram/ideo-ALL/category_series,19,285327,0.00
Directory,Movies/myth-lore_Juice/txt,19,8573,0.00
Directory,Movies/sexy-Ai-gifs,19,171478767,0.16
Directory,AVATARARTS/music-empire,18,2763725,0.00
Directory,AVATARARTS/scripts,18,108521,0.00
Directory,GitHub/whisper.cpp/ggml/include,18,171919,0.00
Directory,pythons/documentation/LLM_Course_Engineers_Handbook_Cover,18,4780854,0.00
Directory,pythons/ai-comic-factory-main/public/favicon,18,122317,0.00
Directory,pythons/CONTENT_AWARE_CATALOG,18,2449868,0.00
Directory,Downloads/Superpower-ChatGPT-Gallery/587a6219-852c-4acb-905e-4281e3855c8e,18,3435502,0.00
Directory,Downloads/Superpower-ChatGPT-Gallery/d666662a-4ddf-43f7-8952-022c9a84bc97,18,3767744,0.00
Directory,Downloads/Superpower-ChatGPT-Gallery/66dc5209-9f94-8010-85d8-a11407060816,18,3841283,0.00
Directory,Downloads/Compressed/final_sorted_scripts/api_clients,18,140909,0.00
Directory,Music/nocTurneMeLoDieS/DOCS,18,3970925,0.00
Directory,Music/nocTurneMeLoDieS/suno-analytics-seo/suno-api,18,441557,0.00
Directory,Pictures/ideoGram/ideogram/.history,18,2510596,0.00
Directory,Movies/Gtrivia-ill-go-everywhere-liru,18,145656744,0.14
Directory,AVATARARTS/ai-sites/heavenlyHands copy/cleanconnect-pro,17,309181,0.00
Directory,GitHub/mkdocs-material/docs/setup,17,155957,0.00
Directory,GitHub/Dir2md-main/src/dir2md,17,50036,0.00
Directory,GitHub/AvaTarArTs-Suite/core/shared_libs,17,384316,0.00
Directory,pythons/axolotl-main/examples/llama-3,17,20451,0.00
Directory,Downloads/979d5653-54c4-45a3-bef4-cda3b3ec70d2_Export-80036393-3266-4fc8-bef5-78b8048e0863/ideoGram 15b36221d8b280918368e1dcfdedff3c,17,651350,0.00
Directory,Music,17,3410925072,3.18
Directory,Music/nocTurneMeLoDieS/tools/scripts,17,138632,0.00
Directory,Pictures/pixel-hearts,17,2089522,0.00
Directory,Movies/CoMic/mov,17,616267306,0.57
Directory,Movies/The_Shadow_Syndicate_Metrovales,17,14596514,0.01
Directory,AVATARARTS/intelligencTtools,16,139406,0.00
Directory,AVATARARTS/SEO Content Optimization Suite,16,94677,0.00
Directory,GitHub/mkdocs-material/docs/reference,16,118027,0.00
Directory,GitHub/qwen-code/.husky/_,16,1257,0.00
Directory,GitHub/whisper.cpp/ggml/src,16,902411,0.00
Directory,GitHub/03_automation_platforms/social_media_automation,16,138923,0.00
Directory,GitHub/AvaTarArTs-Suite/automation/social_media,16,139606,0.00
Directory,pythons/AUTOMATION_BOTS/bot_tools,16,263717,0.00
Directory,pythons/simplegallery/2.1/2.0,16,45775,0.00
Directory,Downloads/2025-09-04-conversations/2025-5-31,16,906039,0.00
Directory,Downloads/Superpower-ChatGPT-Gallery/f8e0f730-0886-45f0-a886-1a5fe3e66af7,16,2262270,0.00
Directory,Downloads/Superpower-ChatGPT-Gallery/679a9440-8f4c-8010-9dda-86aae4aa082c,16,2573861,0.00
Directory,Downloads/Superpower-ChatGPT-Gallery/32732257-e2c2-46e8-b003-8ddd7ed1581f,16,3724777,0.00
Directory,Downloads/Superpower-ChatGPT-Gallery/e203af9d-d6e1-4be8-89d0-3225b8995227,16,2882014,0.00
Directory,Downloads/Superpower-ChatGPT-Gallery/33a6da4b-fdc8-43ca-ae49-d6a9fa18c863,16,2772990,0.00
Directory,Downloads/Superpower-ChatGPT-Gallery/b1335c76-5eaa-4c11-92f1-d62bbe4ffac5,16,4536208,0.00
Directory,AVATARARTS/ai-sites/ORGANIZED/js_files,15,176966,0.00
Directory,AVATARARTS/Ai-Empire,15,183518959,0.17
Directory,GitHub/08_archived/backups/00_shared_libraries,15,339960,0.00
Directory,GitHub/telegram-bot-api/td,15,329122,0.00
Directory,GitHub/AvaTarArTs-Suite/archived/media_files,15,15224005,0.01
Directory,GitHub/09_documentation,15,62056,0.00
Directory,pythons/ai-comic-factory-main,15,432032,0.00
Directory,pythons/Twitch-Streamer-GPT-main,15,68465,0.00
Directory,Documents/WalterRussell,15,65973786,0.06
Directory,Downloads/Compressed/youtube-bot-main/VisibilitySurge,15,38824212,0.04
Directory,Pictures/AvaTarArTs,15,1222657,0.00
Directory,Movies/ESO,15,88672587,0.08
Directory,GitHub/whisper.cpp/scripts,14,46170,0.00
Directory,GitHub/02_media_processing,14,108204,0.00
Directory,GitHub/AvaTarArTs-Suite/scripts,14,215177,0.00
Directory,pythons/documentation/Comprehensive-setup-docs,14,132071,0.00
Directory,pythons/axolotl-main/examples/mistral,14,17909,0.00
Directory,pythons/simplegallery/2.1,14,54349,0.00
Directory,Documents/Obsidian Vault/Chats/Claude,14,1228971,0.00
Directory,Downloads/Superpower-ChatGPT-Gallery/9422e485-6bb3-49ae-94f0-0faf8feda013,14,4972351,0.00
Directory,Downloads/Superpower-ChatGPT-Gallery/67cb84c3-de88-8010-a8b6-0956c1541359,14,3439320,0.00
Directory,Downloads/Superpower-ChatGPT-Gallery/679b464a-2424-8010-9aa2-1575741830e7,14,2138686,0.00
Directory,Downloads/Document,14,2913229,0.00
Directory,Downloads/ideo-notiojn/ideoGram 15b36221d8b280918368e1dcfdedff3c/Untitled 16e36221d8b2804c9d42c02f508b19a0,14,66671,0.00
Directory,Downloads/13_JavaScript_Tools,14,1973802,0.00
Directory,Downloads/Compressed/terminal-canvas-master,14,306820,0.00
Directory,Music/nocTurneMeLoDieS/DOCS/analysis,14,1157700,0.00
Directory,Music/nocTurneMeLoDieS/Discography/INVENTORY_REPORT,14,1599185,0.00
Directory,Music/stories-to-be-told,14,50505687,0.05
Directory,Pictures/etsy/01_ideogram_designs/iDeo-Covers,14,46946287,0.04
Directory,Movies/eso-Vids,14,548560234,0.51
Directory,Movies/Ai-Art-Mp4/mp3,14,26967441,0.03
Directory,Movies/zip,14,118593840,0.11
Directory,Movies/CapCut/User Data/MMKV,14,8503296,0.01
Directory,AVATARARTS/ai-sites/disco,13,731966039,0.68
Directory,AVATARARTS/archive/system/advanced-systems,13,221215,0.00
Directory,GitHub/gorilla/raft,13,91297,0.00
Directory,GitHub/aider,13,131547,0.00
Directory,GitHub/mkdocs-material/docs,13,140000,0.00
Directory,GitHub/mkdocs-material/docs/plugins,13,167224,0.00
Directory,GitHub/n8n/patches,13,9283,0.00
Directory,GitHub/06_development_tools/testing_framework,13,100451,0.00
Directory,GitHub/deepgram-python-sdk/tests/integrations,13,296434,0.00
Directory,GitHub/AvaTarArTs-Suite/devtools,13,335899,0.00
Directory,GitHub/AvaTarArTs-Suite/devtools/testing_framework,13,101104,0.00
Directory,Documents/HTML/Portfolio/Reports,13,1241855,0.00
Directory,Documents/markD/.history,13,1238036,0.00
Directory,Downloads/2025-09-04-conversations/2025-9-3,13,257031,0.00
Directory,Downloads/2025-09-04-conversations/2025-8-3,13,123717,0.00
Directory,Downloads/Superpower-ChatGPT-Gallery/bff025aa-e38f-4b08-8e87-14824cf0e2d0,13,2972840,0.00
Directory,Downloads/Superpower-ChatGPT-Gallery/66dc9e9c-6aac-8010-b03d-82def70071d5,13,2571522,0.00
Directory,Downloads/Superpower-ChatGPT-Gallery/86862302-6f4b-4850-a0f9-ab3ab494fd5f,13,3600477,0.00
Directory,Downloads/Superpower-ChatGPT-Gallery/e1ee1d41-1dc8-4a23-9a63-ed39a2b715cb,13,2868666,0.00
Directory,Downloads/google-cloud-sdk,13,1544853,0.00
Directory,Downloads/google-cloud-sdk/platform/bq,13,81432,0.00
Directory,Pictures/dead,13,663060353,0.62
Directory,Pictures/ideoGram/ideogram/.lh,13,3330009,0.00
Directory,Movies/Trumps-FALL/.lh,13,6203297,0.01
Directory,claude-Convos/.history,13,59351483,0.06
Directory,AVATARARTS/ai-sites/passive-income-empire/documentation,12,78918,0.00
Directory,AVATARARTS/guides,12,110421,0.00
Directory,GitHub/gorilla/goex/function,12,16256,0.00
Directory,GitHub/qwen-code/packages/vscode-ide-companion,12,139322,0.00
Directory,GitHub/hookmark,12,816613,0.00
Directory,GitHub/Dir2md-main,12,24197,0.00
Directory,GitHub/deepgram-python-sdk,12,176714,0.00
Directory,pythons/CONTENT_AWARE_CATALOG/CONTENT_ORGANIZED/Media_Processing,12,8496,0.00
Directory,Downloads/2025-09-04-conversations/2025-3-5,12,252754,0.00
Directory,Downloads/2025-09-04-conversations/2025-6-7,12,410464,0.00
Directory,Downloads/2025-09-04-conversations/2025-3-28,12,198778,0.00
Directory,Downloads/15_Data_Exports,12,15570860,0.01
Directory,Downloads/Superpower-ChatGPT-Gallery/68af1993-b264-8321-9f0d-588a2a15aab3,12,15349871,0.01
Directory,Downloads/Superpower-ChatGPT-Gallery/0cb4298f-70da-4cb3-b7da-325024e2dcdd,12,4583184,0.00
Directory,Downloads/Superpower-ChatGPT-Gallery/68d6d2ef-f724-8326-b9dd-97bd0f158a5a,12,20223741,0.02
Directory,Downloads/Superpower-ChatGPT-Gallery/6519d94f-16fe-4d3e-9c8f-d3fabfe26cf2,12,1959900,0.00
Directory,Downloads/Superpower-ChatGPT-Gallery/6774d522-ab7c-8010-982a-87f0ac50847e,12,4459444,0.00
Directory,Downloads/Superpower-ChatGPT-Gallery/a2aca219-a28d-4004-b729-358625404ee4,12,3350887,0.00
Directory,Downloads/Superpower-ChatGPT-Gallery/683ad374-997c-8010-b0b9-4f4859f56bff,12,15655426,0.01
Directory,Downloads/google-cloud-sdk/lib/surface,12,110649,0.00
Directory,Pictures/jpeg,12,6679450,0.01
Directory,Movies/Loose_Audio,12,14381894,0.01
Directory,Movies/leo,12,34759237,0.03
Directory,AVATARARTS/ai-sites/environments,11,34310,0.00
Directory,AVATARARTS/ai-voice-agents,11,3129868,0.00
Directory,AVATARARTS/marketplace/products/hookmark-pro,11,852843,0.00
Directory,AVATARARTS/n8n-local,11,32548687,0.03
Directory,GitHub/gorilla/gorilla/inference,11,9373087,0.01
Directory,GitHub/gorilla/goex,11,63354,0.00
Directory,GitHub/aider/requirements,11,35221,0.00
Directory,GitHub/qwen-code/integration-tests/sdk-typescript,11,198535,0.00
Directory,GitHub/whisper.cpp/tests,11,27470,0.00
Directory,pythons/simplrgallery-code/simplegallery1,11,99339,0.00
Directory,Downloads/2025-09-04-conversations/2025-9-2,11,360798,0.00
Directory,Downloads/2025-09-04-conversations/2025-4-5,11,166622,0.00
Directory,Downloads/Superpower-ChatGPT-Gallery/b41b695c-79fc-4231-8317-75445bca33c0,11,2384472,0.00
Directory,Downloads/Superpower-ChatGPT-Gallery/6ec0196d-32d8-4ff4-994b-30cd7fe78fee,11,1067607,0.00
Directory,Downloads/Compressed/terminal-canvas-master/examples,11,11597,0.00
Directory,Downloads/Compressed/Dir2md-main,11,24174,0.00
Directory,Pictures/leo/images/photos,11,1283230,0.00
Directory,AVATARARTS/ai-sites/automation,10,73752,0.00
Directory,AVATARARTS/archive/LIVE-DEPLOYMENT/heavenlyhands,10,111923,0.00
Directory,AVATARARTS/configs,10,19258,0.00
Directory,AVATARARTS/Data-Analysis/Reports,10,14731036,0.01
Directory,GitHub/gorilla/berkeley-function-call-leaderboard,10,221850,0.00
Directory,GitHub/gorilla/goex/exec_engine,10,52431,0.00
Directory,GitHub,10,326443,0.00
Directory,GitHub/whisper.cpp/bindings/go,10,38112,0.00
Directory,GitHub/n8n/.ruff_cache/0.14.6,10,3054,0.00
Directory,GitHub/n8n/packages/cli,10,58808,0.00
Directory,GitHub/03_automation_platforms/youtube_automation,10,65074,0.00
Directory,GitHub/telegram-bot-api/td/CMake,10,36264,0.00
Directory,pythons/AUTOMATION_BOTS/youtube_bots/youtube_part1,10,58900,0.00
Directory,pythons/ai-comic-factory-main/public/layouts,10,72283,0.00
Directory,pythons/CONTENT_AWARE_CATALOG/CONTENT_ORGANIZED/General_Python,10,7664,0.00
Directory,pythons/axolotl-main/image,10,1622901,0.00
Directory,pythons/simplegallery/.history,10,88458,0.00
Directory,Downloads/2025-09-04-conversations/2025-8-6,10,430099,0.00
Directory,Downloads/2025-09-04-conversations/2025-8-2,10,346020,0.00
Directory,Downloads/Superpower-ChatGPT-Gallery/67764544-4f38-8010-a538-5d655915e5fb,10,2228979,0.00
Directory,Downloads/Superpower-ChatGPT-Gallery/7cb3e3a1-2b70-4ce2-bcfe-792602df263d,10,2677204,0.00
Directory,Downloads/Superpower-ChatGPT-Gallery/d85a925f-ba7e-4d2e-927d-2deb8b2dd109,10,2608069,0.00
Directory,Downloads/Superpower-ChatGPT-Gallery/67f111d8-2560-8010-a85f-b18d395f8bf0,10,16122648,0.02
Directory,Downloads/Superpower-ChatGPT-Gallery/67cb85f1-fbb4-8010-b340-23f9d4f11cfd,10,3229748,0.00
Directory,Downloads/Superpower-ChatGPT-Gallery/688ec616-98e8-832a-8d46-179d9b0eaa04,10,15473015,0.01
Directory,Downloads/Superpower-ChatGPT-Gallery/66deae35-4f54-8010-9b5e-acda0478854c,10,2280477,0.00
Directory,Downloads/Superpower-ChatGPT-Gallery/64c4cc4d-4d48-42c6-9e2d-c10fc8b96cf9,10,1836895,0.00
Directory,Downloads/Superpower-ChatGPT-Gallery/2a3ae815-50ed-4a7b-b526-e037adff110a,10,3123896,0.00
Directory,Downloads/google-cloud-sdk/platform/gsutil,10,145439,0.00
Directory,Music/Aeo-Seo-Podcast-Stories,10,48115,0.00
Directory,Music/Aeo-Seo-Podcast-Stories/As_A_Man_Thinketh/text,10,220868,0.00
Directory,Pictures/ideoGram/ideogram,10,1996187,0.00
Directory,Pictures/meh,10,12473162,0.01
Directory,Pictures/DaLLe/.history,10,4333716,0.00
Directory,Movies/Loose_Images,10,70062639,0.07
Directory,claude-Convos/.history/conversations,10,59356,0.00
Directory,claude-Convos/conversations/docs/topics,10,342943,0.00
Directory,AVATARARTS/ai-sites/heavenlyHands/intelligent-organization-system,9,144030,0.00
Directory,AVATARARTS/ai-sites/n8n/n8n_workflows,9,86420,0.00
Directory,AVATARARTS/ai-sites/monetization/ai-voice-agents,9,2860015,0.00
Directory,AVATARARTS/seo-domination-engine,9,89258,0.00
Directory,GitHub/gdown/gdown,9,39777,0.00
Directory,GitHub/whisper.cpp,9,88265,0.00
Directory,GitHub/whisper.cpp/cmake,9,12160,0.00
Directory,GitHub/n8n/scripts,9,24916,0.00
Directory,GitHub/n8n/scripts/backend-module,9,19505,0.00
Directory,pythons/ai-comic-factory-main/public,9,216794,0.00
Directory,pythons/axolotl-main/examples/llama-2,9,10001,0.00
Directory,pythons/DATA_UTILITIES/doc-generator/templates,9,9051,0.00
Directory,scripts/.history/transcription,9,9783,0.00
Directory,Documents/json/youtube-data,9,61590,0.00
Directory,Downloads/2025-09-04-conversations/2025-8-1,9,480086,0.00
Directory,Downloads/2025-09-04-conversations/2025-8-10,9,659440,0.00
Directory,Downloads/Superpower-ChatGPT-Gallery/c4fd3ab9-fa3b-4987-bae8-047db0fd6a05,9,2140737,0.00
Directory,Downloads/Superpower-ChatGPT-Gallery/273abff1-4398-472a-a599-ff54975ecbe5,9,2624117,0.00
Directory,Downloads/Superpower-ChatGPT-Gallery/a2bd7fb0-b27f-47b6-bf31-42c3d121e19c,9,2929943,0.00
Directory,Downloads/google-cloud-sdk/bin,9,2627760,0.00
Directory,Downloads/01_Documents,9,588538,0.00
Directory,Music/nocTurneMeLoDieS/suno,9,458172,0.00
Directory,Music/Aeo-Seo-Podcast-Stories/itchy_Isle,9,101463620,0.09
Directory,Pictures/images,9,2318045,0.00
Directory,Pictures/Puppers,9,8443198,0.01
Directory,Movies/invideo,9,2491362975,2.32
Directory,Movies/cox_walkthrough,9,4391484,0.00
Directory,claude-Convos/Claude-Courses/Reports,9,79040,0.00
Directory,AVATARARTS/ai-sites/New_Folder_With_Items_3_ORGANIZED,8,94125,0.00
Directory,AVATARARTS/ai-sites/automation/workflows,8,9942,0.00
Directory,AVATARARTS/ai-sites/automation/scripts,8,6774,0.00
Directory,AVATARARTS/archive/system/ECOSYSTEM,8,885849,0.00
Directory,AVATARARTS/HeavenlyHandfs,8,623010,0.00
Directory,AVATARARTS/oLLaMa,8,27694,0.00
Directory,AVATARARTS/quantumforge-complete,8,2334984,0.00
Directory,GitHub/aider/tests/fixtures,8,5150289,0.00
Directory,GitHub/mkdocs-material/material/templates,8,26297,0.00
Directory,GitHub/mkdocs-material/src/templates,8,36077,0.00
Directory,GitHub/qwen-code/docs/users,8,48100,0.00
Directory,GitHub/whisper.cpp/src/coreml,8,42264,0.00
Directory,GitHub/Comicfy.ai/server,8,133484,0.00
Directory,GitHub/Comicfy.ai/client/src,8,11128,0.00
Directory,GitHub/06_development_tools/quality_tools,8,250248,0.00
Directory,GitHub/08_archived/backups/06_development_tools,8,275186,0.00
Directory,GitHub/03_automation_platforms,8,49269,0.00
Directory,GitHub/AvaTarArTs-Suite/automation/youtube,8,53772,0.00
Directory,pythons/audio_video_conversion/downloaders,8,44189,0.00
Directory,pythons/AUTOMATION_BOTS/youtube_bots/youtube_part2,8,46151,0.00
Directory,pythons/audio_generation/spotify/savify,8,12252,0.00
Directory,pythons/Apify__1M_Challenge_Research__Complete/Claude Convo Search,8,40118,0.00
Directory,pythons/utilities/fdupes/clean,8,2871557,0.00
Directory,pythons/AI_CONTENT,8,6665170,0.01
Directory,scripts/MiniForge-Setup-Optimize-script,8,20400,0.00
Directory,Downloads/2025-09-04-conversations/2025-4-29,8,426348,0.00
Directory,Downloads/Superpower-ChatGPT-Gallery/cccbe1bf-5f16-4333-8499-10220d270886,8,3098102,0.00
Directory,Downloads/Superpower-ChatGPT-Gallery/68106173-c8d4-8010-b97c-287322f12fbe,8,6696235,0.01
Directory,Downloads/Superpower-ChatGPT-Gallery/b5b20fe0-4c28-49f6-ad11-075c9f944cc6,8,2559322,0.00
Directory,Downloads/Superpower-ChatGPT-Gallery/d12985b4-cba4-4674-a3c5-81887f625fc0,8,1570213,0.00
Directory,Downloads/Superpower-ChatGPT-Gallery/9b16c8d9-b0c2-4cd3-961e-66ad6ea2ab8d,8,2029992,0.00
Directory,Downloads/Superpower-ChatGPT-Gallery/68faa556-85e0-8324-bc79-ba01c1465b69,8,12293009,0.01
Directory,Downloads/Superpower-ChatGPT-Gallery/67f0a8da-9afa-49fc-8e5a-42a92c8226c2,8,1207806,0.00
Directory,Downloads/Superpower-ChatGPT-Gallery/689428bc-3184-8323-97d2-21fc1c1961d5,8,10492234,0.01
Directory,Downloads/Superpower-ChatGPT-Gallery/9df924d1-534b-437f-aaf2-8e15d1433edf,8,1372735,0.00
Directory,Downloads/Superpower-ChatGPT-Gallery/a4f6b03c-c96d-4194-9729-f12a754cf236,8,1167254,0.00
Directory,Downloads/Superpower-ChatGPT-Gallery/712af7c0-78aa-4ebf-a434-66656f63abc0,8,1128429,0.00
Directory,Downloads/Superpower-ChatGPT-Gallery/532b6969-e552-4e23-81e0-7bed92fa937d,8,818573,0.00
Directory,Downloads/Superpower-ChatGPT-Gallery/6856d6a3-a218-4787-9f43-9647fb134c9c,8,857536,0.00
Directory,Downloads/Superpower-ChatGPT-Gallery/68c14d5b-9490-832d-9331-3b77270637ff,8,7397691,0.01
Directory,Music/nocTurneMeLoDieS/suno-analytics-seo/suno-scraper-typescript,8,231495,0.00
Directory,Music/Aeo-Seo-Podcast-Stories/podcast,8,41338476,0.04
Directory,Pictures/adobe_style_analysis/psd-tools,8,36906,0.00
Directory,Pictures/petals,8,7823837,0.01
Directory,Movies/zip/air of creepy 1min,8,10425092,0.01
Directory,Movies/HeKaTe-saLome,8,3675807105,3.42
Directory,claude-Convos/resources/tools/claude-code-action-main,8,63480,0.00
Directory,AVATARARTS/ai-sites/disco/.history,7,2318123,0.00
Directory,AVATARARTS/ai-sites/passive-income-empire/ai-recipe-generator,7,76750,0.00
Directory,AVATARARTS/strategies,7,166860,0.00
Directory,AVATARARTS/JOB_SEARCH_2025,7,54141,0.00
Directory,GitHub/gorilla/berkeley-function-call-leaderboard/bfcl_eval,7,70752,0.00
Directory,GitHub/aider/aider/website,7,193460,0.00
Directory,GitHub/mkdocs-material/docs/schema,7,55317,0.00
Directory,GitHub/self-hosted-ai-starter-kit,7,34732,0.00
Directory,GitHub/whisper.cpp/bindings/javascript,7,971643,0.00
Directory,GitHub/Dir2md-main/docs,7,1800385,0.00
Directory,GitHub/n8n/packages/workflow,7,10584,0.00
Directory,GitHub/Comicfy.ai/archived_experiments/comic-cult-app,7,35853,0.00
Directory,GitHub/deepgram-python-sdk/src/deepgram,7,73669,0.00
Directory,GitHub/AvaTarArTs-Suite/docs,7,86723,0.00
Directory,GitHub/AvaTarArTs-Suite/docs/guides,7,2478177,0.00
Directory,GitHub/AvaTarArTs-Suite/archived/archive_files,7,5581099,0.01
Directory,pythons/audio_video_conversion/complex_tools,7,167561,0.00
Directory,pythons/audio_video_conversion/generators,7,35753,0.00
Directory,pythons/remove-bg-cli,7,16314,0.00
Directory,pythons/AUTOMATION_BOTS/social_media_automation/Instagram-Bot,7,85542,0.00
Directory,pythons/ai-comic-factory-main/src/app,7,44926,0.00
Directory,pythons/axolotl-main/docker,7,9187,0.00
Directory,pythons/axolotl-main/deepspeed_configs,7,4620,0.00
Directory,pythons/axolotl-main/docs/dataset-formats,7,36636,0.00
Directory,pythons/axolotl-main/examples/phi,7,7738,0.00
Directory,pythons/DATA_UTILITIES/legacy_categories/alfred_workflow,7,278773,0.00
Directory,pythons/DATA_UTILITIES/doc-generator,7,12322,0.00
Directory,pythons/utilities/fdupes,7,8275,0.00
Directory,pythons/audio_transcription/transcribe,7,127859,0.00
Directory,Downloads/2025-09-04-conversations/2025-5-7,7,150574,0.00
Directory,Downloads/2025-09-04-conversations/2025-8-7,7,266918,0.00
Directory,Downloads/2025-09-04-conversations/2025-4-4,7,74945,0.00
Directory,Downloads/2025-09-04-conversations/2025-1-29,7,469286,0.00
Directory,Downloads/2025-09-04-conversations/2025-3-7,7,121375,0.00
Directory,Downloads/2025-09-04-conversations/2025-5-4,7,98791,0.00
Directory,Downloads/2025-09-04-conversations/2025-4-7,7,355900,0.00
Directory,Downloads/Superpower-ChatGPT-Gallery/c0a0b378-5b64-4c21-b29b-356469d951e0,7,1419661,0.00
Directory,Downloads/google-cloud-sdk/bin/bootstrapping,7,39414,0.00
Directory,Downloads/14_JSON_Configs,7,1256637,0.00
Directory,Downloads/Compressed/Dir2md-main/docs,7,1800385,0.00
Directory,Music/nocTurneMeLoDieS/Discorgraphy_archive/METADATA,7,342796,0.00
Directory,Music/nocTurneMeLoDieS/suno-analytics-seo,7,21659,0.00
Directory,Pictures/adobe_style_analysis/psd-tools/docs,7,35831,0.00
Directory,Pictures/hogwarts,7,113312687,0.11
Directory,Pictures/zip,7,26897334,0.03
Directory,Movies/Orc-in-the-dark-hall-og,7,7601212,0.01
Directory,AVATARARTS/ai-sites/docs,6,9029,0.00
Directory,AVATARARTS/ai-sites/n8n/n8n-macos-docker-starter,6,7671,0.00
Directory,AVATARARTS/ai-sites/n8n/n8n-docker-starter,6,9969,0.00
Directory,AVATARARTS/ai-sites/passive-income-empire/ai-receptionist,6,62484,0.00
Directory,AVATARARTS/ai-sites/automation/api-powered,6,37126,0.00
Directory,AVATARARTS/ai-sites/AvaTarArTs,6,12180,0.00
Directory,AVATARARTS/ai-sites/dalle-fix/.lh,6,2670418,0.00
Directory,AVATARARTS/ai-sites/ORGANIZED/html_files,6,61313,0.00
Directory,AVATARARTS/ai-sites/ORGANIZED/css_files,6,22722,0.00
Directory,AVATARARTS/SEO_CONTENT_STRATEGY,6,30147485,0.03
Directory,AVATARARTS/archive/LIVE-DEPLOYMENT/fixes,6,359726,0.00
Directory,AVATARARTS/TOP_TRENDS_AVATARARTS_QUANTUMFORGE,6,36081,0.00
Directory,AVATARARTS/Ai-Empire/NOTEBOOKLLM-4hr,6,1308821411,1.22
Directory,GitHub/gorilla/openfunctions,6,24406,0.00
Directory,GitHub/gorilla/data/apibench,6,41171509,0.04
Directory,GitHub/gorilla/agent-arena/evalutation,6,36166681,0.03
Directory,GitHub/mkdocs-material/docs/contributing,6,64132,0.00
Directory,GitHub/linear-programming-course,6,215521,0.00
Directory,GitHub/qwen-code/docs/developers,6,51705,0.00
Directory,GitHub/qwen-code/packages/core,6,12183,0.00
Directory,GitHub/qwen-code/packages/cli,6,14283,0.00
Directory,GitHub/whisper.cpp/examples/addon.node,6,32693,0.00
Directory,GitHub/whisper.cpp/examples/whisper.android.java,6,15970,0.00
Directory,GitHub/whisper.cpp/examples/whisper.android,6,17354,0.00
Directory,GitHub/whisper.cpp/bindings/java,6,20722,0.00
Directory,GitHub/Dir2md-main/tests,6,28147,0.00
Directory,GitHub/n8n/packages/core,6,11629,0.00
Directory,GitHub/Comicfy.ai/client/public,6,21401,0.00
Directory,pythons/audio_video_conversion/api_clients,6,131706,0.00
Directory,pythons/simplrgallery-code/simplegallery2,6,27372,0.00
Directory,pythons/axolotl-main/.runpod,6,26302,0.00
Directory,pythons/Apify__1M_Challenge_Research__Complete,6,255476,0.00
Directory,pythons/DATA_UTILITIES/data-analyzer,6,6861492,0.01
Directory,pythons/simplegallery/logic/variants,6,21280,0.00
Directory,pythons/simplegallery/data/templates,6,45773,0.00
Directory,pythons/utilities/sorting,6,102293,0.00
Directory,Documents/carbon-images,6,11381112,0.01
Directory,Documents/HTML/SBHTML/Dragon Skellie,6,2286394,0.00
Directory,Documents/Hookmark/templates/custom templates,6,14202,0.00
Directory,Documents/PasTe-Export,6,37649,0.00
Directory,Downloads/2025-09-04-conversations/2025-1-1,6,243918,0.00
Directory,Downloads/2025-09-04-conversations/2025-7-31,6,95448,0.00
Directory,Downloads/2025-09-04-conversations/2025-3-9,6,98660,0.00
Directory,Downloads/2025-09-04-conversations/2025-2-28,6,133402,0.00
Directory,Downloads/Superpower-ChatGPT-Gallery/ccdc0c1d-5375-4877-99a1-7d117f46061d,6,1086170,0.00
Directory,Downloads/Superpower-ChatGPT-Gallery/67500f3b-26f4-8010-92a8-8432241036f0,6,1735819,0.00
Directory,Downloads/Superpower-ChatGPT-Gallery/8bc44c27-365f-4ce0-8961-31d6704e3c65,6,1147276,0.00
Directory,Downloads/Superpower-ChatGPT-Gallery/01eef717-b464-4e45-b4ac-f918bd4cbde3,6,762776,0.00
Directory,Downloads/Superpower-ChatGPT-Gallery/67757fc2-a720-8010-9562-f0664f33631e,6,2032587,0.00
Directory,Downloads/Superpower-ChatGPT-Gallery/674e60c7-743c-8010-94bf-748392e991fa,6,791634,0.00
Directory,Downloads/Superpower-ChatGPT-Gallery/ddabe402-e4f6-4f90-89d7-41ba3eb80d69,6,1997480,0.00
Directory,Downloads/Superpower-ChatGPT-Gallery/01d45e0c-f2cb-4a0f-bcbc-d7a20187fa14,6,1521338,0.00
Directory,Downloads/Superpower-ChatGPT-Gallery/689548ec-810c-832a-8c4f-a885315f48ee,6,10435210,0.01
Directory,Downloads/Superpower-ChatGPT-Gallery/681c6977-3138-8010-9fb0-9df1f2543d6c,6,8060810,0.01
Directory,Downloads/Superpower-ChatGPT-Gallery/679b567c-7890-8010-a811-510c27359394,6,1394771,0.00
Directory,Downloads/Superpower-ChatGPT-Gallery/ed2de292-04c5-4d22-8259-3af950379c6d,6,953161,0.00
Directory,Music/nocTurneMeLoDieS/Trashy,6,159040,0.00
Directory,Pictures/adobe_style_analysis,6,220001180,0.20
Directory,Pictures/etsy/01_ideogram_designs/templates,6,39507,0.00
Directory,Pictures/2025-simgall/images/thumbnails,6,1039526,0.00
Directory,Pictures/ideo-xmas-T/Bangkit2023-SunSavvy-master,6,50866,0.00
Directory,Pictures/ideo-xmas-T/Bangkit2023-SunSavvy-master/.idea,6,1608,0.00
Directory,Pictures/ideo-xmas-T/Bangkit2023-SunSavvy-master 2,6,50866,0.00
Directory,Pictures/ideo-xmas-T/Bangkit2023-SunSavvy-master 2/.idea,6,1608,0.00
Directory,Pictures/comic,6,4353188,0.00
Directory,Pictures/buBBleSpider,6,4651168,0.00
Directory,Movies/spooky\,6,14569267,0.01
Directory,claude-Convos,6,6317174,0.01
Directory,claude-Convos/Claude-Courses/Config,6,59871,0.00
Directory,AVATARARTS/ai-sites/heavenlyHands copy,5,93121,0.00
Directory,AVATARARTS/ai-sites/Song Lyrics Visual Storytelling Framework,5,10640,0.00
Directory,AVATARARTS/ai-sites/passive-income-empire,5,28064,0.00
Directory,AVATARARTS/music-analysis,5,28553,0.00
Directory,AVATARARTS/SEO_CONTENT_STRATEGY/SEO_YouTube_2025_Dataset,5,80416,0.00
Directory,AVATARARTS/MASTER_SEO_PACKAGE_2024/DEPLOYMENT_PACKAGES,5,39262,0.00
Directory,AVATARARTS/ Master Documentation Index,5,159864,0.00
Directory,AVATARARTS/JOB_SEARCH_2025/research,5,91179,0.00
Directory,AVATARARTS/cleanconnect-complete,5,15607,0.00
Directory,AVATARARTS/templates,5,24671,0.00
Directory,AVATARARTS/avatararts/_,5,12927,0.00
Directory,AVATARARTS/josephrosadomd,5,781099,0.00
Directory,AVATARARTS/Ai-Empire/10K-Ai-BluePrint,5,87817,0.00
Directory,AVATARARTS/Dr_Adu_GainesvillePFS_SEO_Project/08_CSV_Data,5,208413,0.00
Directory,GitHub/gorilla/raft/sample_data,5,5355898,0.00
Directory,GitHub/llm-course/img,5,799837,0.00
Directory,GitHub/qwen-code/docs-site,5,2221,0.00
Directory,GitHub/qwen-code/packages/sdk-typescript,5,30642,0.00
Directory,GitHub/gdown,5,14305,0.00
Directory,GitHub/gdown/tests,5,9819,0.00
Directory,GitHub/whisper.cpp/.devops,5,4944,0.00
Directory,GitHub/whisper.cpp/tests/earnings21,5,6416,0.00
Directory,GitHub/whisper.cpp/tests/librispeech,5,3964,0.00
Directory,GitHub/whisper.cpp/examples/server,5,415771,0.00
Directory,GitHub/whisper.cpp/scripts/apple,5,125579,0.00
Directory,GitHub/whisper.cpp/bindings/ruby,5,20042,0.00
Directory,GitHub/n8n/packages/node-dev,5,16848,0.00
Directory,GitHub/n8n/.vscode,5,7116,0.00
Directory,GitHub/Comicfy.ai/archived_experiments,5,506152,0.00
Directory,GitHub/06_development_tools/documentation_tools,5,122267,0.00
Directory,GitHub/06_development_tools/analysis_tools,5,110183,0.00
Directory,GitHub/AvaTarArTs-Suite/devtools/documentation_tools,5,120769,0.00
Directory,GitHub/AvaTarArTs-Suite/devtools/analysis_tools,5,107728,0.00
Directory,GitHub/09_documentation/reports,5,3424256,0.00
Directory,pythons/audio_video_conversion/audio_tools,5,24245,0.00
Directory,pythons/audio_video_conversion/video_editing,5,57359,0.00
Directory,pythons/simplrgallery-code,5,11044070,0.01
Directory,pythons/simplrgallery-code/simplegallery2/test,5,22229,0.00
Directory,pythons/simplrgallery-code/simplegallery1/test,5,22229,0.00
Directory,pythons/documentation/medium_articles,5,4709785,0.00
Directory,pythons/spicetify-themes,5,21072,0.00
Directory,pythons/AUTOMATION_BOTS,5,32837,0.00
Directory,pythons/AUTOMATION_BOTS/youtube_bots/AutomatedYoutubeShorts,5,6956,0.00
Directory,pythons/axolotl-main/examples/tiny-llama,5,4290,0.00
Directory,pythons/axolotl-main/examples/qwen,5,4146,0.00
Directory,pythons/DATA_UTILITIES/data_analyzers/analysis_artifacts,5,1604062,0.00
Directory,pythons/.history,5,142573,0.00
Directory,pythons/simplegallery/test,5,22229,0.00
Directory,pythons/simplegallery/data/netlify,5,1681,0.00
Directory,pythons/MEDIA_PROCESSING/video_tools/videoGenerator,5,8637,0.00
Directory,scripts/service-scripts,5,7891,0.00
Directory,Documents/Obsidian Vault/.obsidian,5,13114,0.00
Directory,Documents/Hookmark/Help,5,56489,0.00
Directory,Documents/json/_invalid,5,44033788,0.04
Directory,Downloads/2025-09-04-conversations/2025-9-4,5,136918,0.00
Directory,Downloads/2025-09-04-conversations/2025-2-7,5,120187,0.00
Directory,Downloads/2025-09-04-conversations/2025-1-31,5,56340,0.00
Directory,Downloads/2025-09-04-conversations/2025-3-8,5,4811,0.00
Directory,Downloads/2025-09-04-conversations/2025-8-4,5,105969,0.00
Directory,Downloads/2025-09-04-conversations/2025-8-11,5,77169,0.00
Directory,Music/nocTurneMeLoDieS/tools/extractors,5,689547,0.00
Directory,Music/nocTurneMeLoDieS/Discorgraphy_archive,5,389132,0.00
Directory,Music/nocTurneMeLoDieS/Discorgraphy_archive/PROMPTS,5,5347012,0.00
Directory,Music/nocTurneMeLoDieS/dec,5,1277487,0.00
Directory,Pictures/etsy/01_ideogram_designs,5,97435638,0.09
Directory,Pictures/oct/public/css,5,38163,0.00
Directory,Pictures/oct/public/js,5,137704,0.00
Directory,Pictures/leo/images/thumbnails,5,588429,0.00
Directory,Pictures/DaLLe/.lh,5,8481989,0.01
Directory,Movies/CapCut/User Data/TTNet,5,28596,0.00
Directory,Movies/CapCut/User Data/CEF,5,57710,0.00
Directory,claude-Convos/resources/scripts/setup,5,68866,0.00
Directory,claude-Convos/conversations/docs,5,52810,0.00
Directory,analysis,5,2605029,0.00
Directory,AVATARARTS/ai-sites/quantumforgelabs,4,5178027,0.00
Directory,AVATARARTS/ai-sites/marketing/onpage,4,2489,0.00
Directory,AVATARARTS/ai-sites/automation/quick-wins,4,5167,0.00
Directory,AVATARARTS/ai-sites/dalle-fix/js,4,44979,0.00
Directory,AVATARARTS/ai-sites/Gallery Generator/city-16-9,4,16820,0.00
Directory,AVATARARTS/ai-sites/reports,4,14447,0.00
Directory,AVATARARTS/intelligencTtools/deep_analysis,4,17695452,0.02
Directory,AVATARARTS/retention-suite-complete,4,18558,0.00
Directory,AVATARARTS/avatararts-deployment,4,123724965,0.12
Directory,AVATARARTS/avatararts,4,28277,0.00
Directory,AVATARARTS/avatararts/avatararts-site,4,2812560,0.00
Directory,AVATARARTS/quantumforge-complete/.history,4,918198,0.00
Directory,AVATARARTS/Dr_Adu_GainesvillePFS_SEO_Project/DrAdu-SEO-OPTIMIZED/public,4,8323,0.00
Directory,GitHub/gorilla/gorilla/eval,4,27564,0.00
Directory,GitHub/gorilla/agent-arena/client,4,787271,0.00
Directory,GitHub/mkdocs-material/docs/blog,4,6850,0.00
Directory,GitHub/qwen-code/integration-tests/terminal-bench,4,19837,0.00
Directory,GitHub/qwen-code/packages/test-utils,4,1168,0.00
Directory,GitHub/qwen-code/.vscode,4,5886,0.00
Directory,GitHub/gdown/tests/data,4,245528,0.00
Directory,GitHub/whisper.cpp/examples/command.wasm,4,29548,0.00
Directory,GitHub/whisper.cpp/examples/lsp,4,43460,0.00
Directory,GitHub/whisper.cpp/examples/whisper.wasm,4,41090,0.00
Directory,GitHub/whisper.cpp/examples/bench.wasm,4,18078,0.00
Directory,GitHub/whisper.cpp/examples/sycl,4,2508,0.00
Directory,GitHub/whisper.cpp/examples/stream.wasm,4,29958,0.00
Directory,GitHub/whisper.cpp/examples/command,4,33795,0.00
Directory,GitHub/whisper.cpp/ggml/cmake,4,11793,0.00
Directory,GitHub/whisper.cpp/src,4,349271,0.00
Directory,GitHub/Comicfy.ai/client,4,549654,0.00
Directory,GitHub/08_archived,4,1810689,0.00
Directory,GitHub/deepgram-python-sdk/tests/utils,4,6317,0.00
Directory,GitHub/telegram-bot-api,4,15756,0.00
Directory,GitHub/telegram-bot-api/td/memprof,4,14204,0.00
Directory,pythons/audio_video_conversion/audio_editing,4,37007,0.00
Directory,pythons/audio_video_conversion/audio_converters,4,31978,0.00
Directory,pythons/documentation/Python Automation Arsenal,4,243248,0.00
Directory,pythons/spicetify-themes/Dribbblish,4,15780,0.00
Directory,pythons/spicetify-themes/StarryNight,4,21391,0.00
Directory,pythons/spicetify-themes/text/screenshots,4,529818,0.00
Directory,pythons/spicetify-themes/Turntable,4,10809,0.00
Directory,pythons/Automation-framework-contents,4,5577603,0.01
Directory,pythons/AUTOMATION_BOTS/twitch_bots/twitchtube,4,8010,0.00
Directory,pythons/AUTOMATION_BOTS/twitch_bots/Twitch-TikTok-Youtube-Viewbot,4,6493,0.00
Directory,pythons/AUTOMATION_BOTS/twitch_bots/TwitchCompilationCreator,4,7412,0.00
Directory,pythons/AUTOMATION_BOTS/web_scrapers,4,12781,0.00
Directory,pythons/AUTOMATION_BOTS/web_scrapers/web_scraping,4,41877,0.00
Directory,pythons/AUTOMATION_BOTS/youtube_bots/YT-Comment-Bot-master,4,6370,0.00
Directory,pythons/ai-comic-factory-main/src,4,34569,0.00
Directory,pythons/CONTENT_AWARE_CATALOG/CONTENT_ORGANIZED/Automation_Tools,4,2950,0.00
Directory,pythons/axolotl-main/tests/fixtures,4,115036,0.00
Directory,pythons/axolotl-main/examples/openllama-3b,4,3724,0.00
Directory,pythons/axolotl-main/examples/qwen2,4,4619,0.00
Directory,pythons/axolotl-main/examples/llama-4,4,7459,0.00
Directory,pythons/axolotl-main/examples/jamba,4,4010,0.00
Directory,pythons/axolotl-main/examples/dbrx,4,5124,0.00
Directory,pythons/axolotl-main/.vscode,4,3303,0.00
Directory,pythons/Twitch-Streamer-GPT-main/prompts,4,3596,0.00
Directory,pythons/Twitch-Streamer-GPT-main/modules,4,33507,0.00
Directory,pythons/simplegallery/upload/variants,4,18795,0.00
Directory,pythons/utilities/complex_tools,4,81172,0.00
Directory,pythons/MEDIA_PROCESSING/galleries/simplegallery-bin,4,7840030,0.01
Directory,pythons/AI_CONTENT/ai_tools,4,3178,0.00
Directory,scripts/merge,4,28857,0.00
Directory,scripts/.history,4,14067,0.00
Directory,scripts/cleanup,4,36291,0.00
Directory,Documents/HTML/responsive-slideshow-carousel-with-only-html5-css3,4,5336,0.00
Directory,Documents/HTML/SBHTML/Smr2,4,769610,0.00
Directory,Documents/HTML/SBHTML/New Folder With Items,4,11287893,0.01
Directory,Documents/HTML/SBHTML/D0P3 SB21,4,8100,0.00
Directory,Documents/HTML/SBHTML/Mattahan EarthNight - Girl & World,4,31447,0.00
Directory,Documents/HTML/SBHTML/SBHTMLSmr100,4,740452,0.00
Directory,Documents/HTML/SBHTML/SB EW88,4,8629,0.00
Directory,Documents/json/Claude-Courses/Config,4,1759,0.00
Directory,Documents/markD/.lh/PASTE,4,17888843,0.02
Directory,Downloads/2025-09-04-conversations/2025-6-6,4,314105,0.00
Directory,Downloads/2025-09-04-conversations/2025-3-30,4,291025,0.00
Directory,Downloads/2025-09-04-conversations/2025-2-8,4,16649,0.00
Directory,Downloads/2025-09-04-conversations/2025-1-2,4,111790,0.00
Directory,Downloads/2025-09-04-conversations/2025-4-8,4,63121,0.00
Directory,Downloads/Superpower-ChatGPT-Gallery/68b7f7d8-f000-8320-af00-eb49b0cbe0b9,4,6611072,0.01
Directory,Downloads/Superpower-ChatGPT-Gallery/4be50d5b-346f-44b0-bc24-405ca66e664e,4,701549,0.00
Directory,Downloads/Superpower-ChatGPT-Gallery/772c01a1-0946-4cb6-a9ba-ee0a10475262,4,5139192,0.00
Directory,Downloads/Superpower-ChatGPT-Gallery/67f4421b-c924-8010-aa72-dfc402a01cec,4,1501938,0.00
Directory,Downloads/Superpower-ChatGPT-Gallery/13e67859-bd4a-4722-b4bf-76d6ccdd50ba,4,907932,0.00
Directory,Downloads/Superpower-ChatGPT-Gallery/677c8de4-9be8-8010-a5de-07a34b16667d,4,973750,0.00
Directory,Downloads/Superpower-ChatGPT-Gallery/67f10f64-6938-8010-8240-0e11736307f6,4,925715,0.00
Directory,Downloads/Superpower-ChatGPT-Gallery/25b9bac5-a120-8010-b3fa-3efc4c39a4ae,4,5781292,0.01
Directory,Downloads/Superpower-ChatGPT-Gallery/66de5b20-b3f0-8010-9ce8-39ee9a2137c0,4,990796,0.00
Directory,Downloads/Superpower-ChatGPT-Gallery/683b5d7d-d318-8010-affd-793e3e83a439,4,9012279,0.01
Directory,Downloads/Superpower-ChatGPT-Gallery/68460ad0-2b58-8010-b621-9d3dada9d96e,4,6004275,0.01
Directory,Downloads/Superpower-ChatGPT-Gallery/66e1fccc-2b30-8010-b23d-a1b11c376cbf,4,638773,0.00
Directory,Downloads/Superpower-ChatGPT-Gallery/04f25281-32b2-4491-920d-c4ce59027732,4,955929,0.00
Directory,Downloads/Superpower-ChatGPT-Gallery/c05da331-a017-4d16-85e4-339173a3fa59,4,1094122,0.00
Directory,Downloads/Superpower-ChatGPT-Gallery/4d7e40c2-7dc8-47c0-89c1-e96ab8d0f084,4,760941,0.00
Directory,Downloads/Superpower-ChatGPT-Gallery/171712df-86e3-41ee-8255-f21f7b0d78c9,4,1354785,0.00
Directory,Downloads/Superpower-ChatGPT-Gallery/c2dc42b6-0204-4ae8-b08a-46991bcb465e,4,674226,0.00
Directory,Downloads/Superpower-ChatGPT-Gallery/a75a7dd0-542a-4de4-a6f1-8183988fdc8a,4,1541912,0.00
Directory,Downloads/Superpower-ChatGPT-Gallery/68d49040-3cd9-4f42-9523-8c03b633a471,4,591285,0.00
Directory,Downloads/Superpower-ChatGPT-Gallery/68951638-dfd4-8330-94bd-dc10531de434,4,5762158,0.01
Directory,Downloads/Superpower-ChatGPT-Gallery/1d37ad8f-faae-4126-980d-f5a49ddd2183,4,1238505,0.00
Directory,Downloads/Superpower-ChatGPT-Gallery/679cba4b-fabc-8010-8aac-f805c616fa6e,4,1000752,0.00
Directory,Downloads/Superpower-ChatGPT-Gallery/3d495df7-3ea5-4137-9aa8-8ecbb3caabbf,4,865453,0.00
Directory,Downloads/Superpower-ChatGPT-Gallery/688c0810-a128-8326-9105-7065d1f935b4,4,6171563,0.01
Directory,Downloads/Superpower-ChatGPT-Gallery/68c1694e-9ef0-8321-a231-83382d7154e3,4,4480321,0.00
Directory,Downloads/Superpower-ChatGPT-Gallery/af6cdc90-ece4-4915-bf4b-c40b92f56f5c,4,570687,0.00
Directory,Downloads/Superpower-ChatGPT-Gallery/68f804d4-af90-8323-9e95-da230c90af25,4,3668374,0.00
Directory,Downloads/Superpower-ChatGPT-Gallery/f8c444c8-77bf-481e-afca-8d24ac4f982a,4,1174987,0.00
Directory,Downloads/Superpower-ChatGPT-Gallery/0e8fd0c4-2988-4061-9c7e-4dfd43daf804,4,808441,0.00
Directory,Downloads/Superpower-ChatGPT-Gallery/2732852e-3cd5-49bf-91cb-4c205cee3a71,4,1056232,0.00
Directory,Downloads/Superpower-ChatGPT-Gallery/929f95e4-7d37-471c-89dd-987c23f8dc6f,4,741803,0.00
Directory,Downloads/Superpower-ChatGPT-Gallery/66e02239-985c-8010-b3de-36f9045dbcc8,4,891385,0.00
Directory,Downloads/Superpower-ChatGPT-Gallery/f169fa33-5fa7-4b01-8524-d899b30ed76a,4,912634,0.00
Directory,Downloads/Superpower-ChatGPT-Gallery/67ef212e-b484-8010-9ea7-03c76fd2bf8d,4,7065221,0.01
Directory,Downloads/Superpower-ChatGPT-Gallery/655b3e22-cecc-4a7e-81aa-9c373b9a9f63,4,656753,0.00
Directory,Downloads/Superpower-ChatGPT-Gallery/3a5bfe69-0e35-4209-8bd6-409910f262cb,4,1132795,0.00
Directory,Downloads/Superpower-ChatGPT-Gallery/5fc61c61-cc4d-485b-966d-d374d66dc521,4,800219,0.00
Directory,Downloads/Compressed/Dir2md-main/tests,4,1301,0.00
Directory,Downloads/Compressed/NotebookLM_JulianGoldie_Notes_Bundle,4,470984,0.00
Directory,Downloads/Compressed/final_sorted_scripts/music_tools,4,34053,0.00
Directory,Downloads/PSD EXTENM,4,7871322,0.01
Directory,Music/python,4,2065783,0.00
Directory,Music/nocTurneMeLoDieS/SEO_BLOG_CONTENT,4,34774,0.00
Directory,Music/nocTurneMeLoDieS/DOCS/song_development,4,166623,0.00
Directory,Music/nocTurneMeLoDieS/suno-analytics-seo/suno-analytics-jupyter,4,8875,0.00
Directory,Music/nocTurneMeLoDieS/suno-analytics-seo/suno-to-google-sheets,4,4436,0.00
Directory,Music/nocTurneMeLoDieS/suno/suno-extracts,4,22884,0.00
Directory,Music/.lh,4,37515,0.00
Directory,Music/Aeo-Seo-Podcast-Stories/As_A_Man_Thinketh/Reports,4,38639,0.00
Directory,Pictures/leodowns,4,7874658,0.01
Directory,Pictures/9-16/public/css,4,34174,0.00
Directory,Pictures/9-16/public/js,4,123880,0.00
Directory,Pictures/9-16/templates,4,48016,0.00
Directory,Pictures/MyCollection/public/css,4,34174,0.00
Directory,Pictures/MyCollection/templates,4,48016,0.00
Directory,Pictures/adobe_style_analysis/.lh,4,87257,0.00
Directory,Pictures/sora,4,137356,0.00
Directory,Pictures/images/public/images,4,9115,0.00
Directory,Pictures/images/templates,4,28148,0.00
Directory,Pictures/ideoGram/ideo-ALL,4,2192297,0.00
Directory,Pictures/oct,4,583986,0.00
Directory,Pictures/oct/public,4,14515859,0.01
Directory,Pictures/ideo-xmas-T/data-2025-12-28-16-59-12-batch-0000,4,51721385,0.05
Directory,Pictures/comic/public/css,4,34174,0.00
Directory,Pictures/comic/templates,4,48016,0.00
Directory,Pictures/Adobe/Photoshop-Addon/smart-select-complex-layer-selecting-2023-11-27-04-57-48-utc,4,561641,0.00
Directory,Pictures/DaLLe,4,2153608,0.00
Directory,Pictures/16-9,4,14768453,0.01
Directory,Movies/soRa/.lh,4,862321,0.00
Directory,Movies/HeKaTe-saLome/mp3,4,68414161,0.06
Directory,Movies/stray,4,228664125,0.21
Directory,claude-Convos/resources/tools/claude-quickstarts-main,4,10030,0.00
Directory,claude-Convos/conversations/analysis_reports,4,157622,0.00
Directory,AVATARARTS/ai-sites/form,3,12012,0.00
Directory,AVATARARTS/ai-sites/disco/images,3,2967,0.00
Directory,AVATARARTS/ai-sites/disco/js,3,102725,0.00
Directory,AVATARARTS/ai-sites/disco/.lh,3,2245636,0.00
Directory,AVATARARTS/ai-sites/heavenlyHands copy/heavenly-hands-cleaning-site,3,1811,0.00
Directory,AVATARARTS/ai-sites/steven-chaplinski-website,3,7655,0.00
Directory,AVATARARTS/ai-sites/heavenlyHands/heavenlyhands,3,10269,0.00
Directory,AVATARARTS/ai-sites/content-management/retention-hub,3,770,0.00
Directory,AVATARARTS/ai-sites/automation/batch-tools,3,15879,0.00
Directory,AVATARARTS/ai-sites/automation/cross-pollination,3,21181,0.00
Directory,AVATARARTS/ai-sites/automation/revenue-dashboard,3,9610,0.00
Directory,AVATARARTS/MASTER_SEO_PACKAGE_2024/GENERATOR_SCRIPTS,3,32781,0.00
Directory,AVATARARTS/MASTER_SEO_PACKAGE_2024/DEPLOYMENT_PACKAGES/01_GENERATIVE_AUTOMATION_SUITE,3,14392,0.00
Directory,AVATARARTS/MASTER_SEO_PACKAGE_2024/DEPLOYMENT_PACKAGES/02_AI_WORKFLOW_AUTOMATION,3,7278,0.00
Directory,AVATARARTS/JOB_SEARCH_2025/cover_letters,3,18503,0.00
Directory,AVATARARTS/JOB_SEARCH_2025/tracking,3,22808,0.00
Directory,AVATARARTS/avatararts-deployment/heavenlyhands,3,34176,0.00
Directory,AVATARARTS/SEO Content Optimization Suit,3,10320,0.00
Directory,AVATARARTS/scripts/testing,3,19425,0.00
Directory,AVATARARTS/passive-income-empire,3,12940,0.00
Directory,AVATARARTS/passive-income-empire/automation/workflows,3,1970,0.00
Directory,AVATARARTS/code-repos,3,2404315,0.00
Directory,AVATARARTS/avatararts/DaLL-E,3,7962,0.00
Directory,AVATARARTS/josephrosadomd/wp-includes/js,3,14694,0.00
Directory,AVATARARTS/heavenlyhands-complete/heavenlyHands/cleanconnect-pro,3,10346,0.00
Directory,AVATARARTS/SEO Content Optimization Suite/transcription_matching_integration,3,25907,0.00
Directory,AVATARARTS/SEO Content Optimization Suite/revenue_diversification,3,15196,0.00
Directory,AVATARARTS/SEO Content Optimization Suite/music_integration,3,18221,0.00
Directory,AVATARARTS/Dr_Adu_GainesvillePFS_SEO_Project/06_Tools_Scripts,3,54721,0.00
Directory,AVATARARTS/Dr_Adu_GainesvillePFS_SEO_Project/07_Archive_Backup/15_Website_Hosting,3,7723,0.00
Directory,AVATARARTS/Dr_Adu_GainesvillePFS_SEO_Project/07_Archive_Backup/01_Original_Files,3,17426909,0.02
Directory,GitHub/gorilla,3,36144,0.00
Directory,GitHub/gorilla/openfunctions/openfunctions-v1,3,27500707,0.03
Directory,GitHub/gorilla/openfunctions/utils,3,12503,0.00
Directory,GitHub/gorilla/.devcontainer/raft,3,1457,0.00
Directory,GitHub/gorilla/raft/tests,3,6527,0.00
Directory,GitHub/gorilla/data/api,3,1845812,0.00
Directory,GitHub/aider/aider/resources,3,91869,0.00
Directory,GitHub/mkdocs-material/includes/debug,3,5678,0.00
Directory,GitHub/mkdocs-material/docs/insiders,3,9424,0.00
Directory,GitHub/mkdocs-material/.vscode,3,2992,0.00
Directory,GitHub/mkdocs-material/material/overrides,3,8201,0.00
Directory,GitHub/mkdocs-material/material/extensions,3,13022,0.00
Directory,GitHub/mkdocs-material/src/overrides,3,11333,0.00
Directory,GitHub/04_content_creation,3,7386,0.00
Directory,GitHub/llm-course,3,74188,0.00
Directory,GitHub/qwen-code/docs,3,7082,0.00
Directory,GitHub/qwen-code/scripts/tests,3,7756,0.00
Directory,GitHub/whisper.cpp/grammars,3,3609,0.00
Directory,GitHub/whisper.cpp/samples,3,428892,0.00
Directory,GitHub/whisper.cpp/examples/vad-speech-segments,3,10381,0.00
Directory,GitHub/whisper.cpp/examples/quantize,3,8462,0.00
Directory,GitHub/whisper.cpp/examples/bench,3,9075,0.00
Directory,GitHub/whisper.cpp/examples/stream,3,20933,0.00
Directory,GitHub/whisper.cpp/examples/cli,3,66368,0.00
Directory,GitHub/whisper.cpp/examples/wchess,3,7407,0.00
Directory,GitHub/whisper.cpp/examples/deprecation-warning,3,2128,0.00
Directory,GitHub/Dir2md-main/demo,3,6325,0.00
Directory,GitHub/n8n/.devcontainer,3,1444,0.00
Directory,GitHub/n8n/packages/frontend,3,8442,0.00
Directory,GitHub/n8n/assets,3,338029,0.00
Directory,GitHub/Comicfy.ai,3,7889,0.00
Directory,GitHub/Comicfy.ai/archived_experiments/ComicBook-AI-src,3,7324,0.00
Directory,GitHub/Comicfy.ai/archived_experiments/comics_generator_output,3,7959407,0.01
Directory,GitHub/06_development_tools,3,9779,0.00
Directory,GitHub/08_archived/consolidated/main.py_consolidated,3,28157,0.00
Directory,GitHub/08_archived/consolidated/setup.py_consolidated,3,17077,0.00
Directory,GitHub/08_archived/consolidated/utils.py_consolidated,3,33297,0.00
Directory,GitHub/llm-datasets,3,33683,0.00
Directory,GitHub/05_data_management,3,7230,0.00
Directory,GitHub/00_shared_libraries,3,7134,0.00
Directory,GitHub/AvaTarArTs-Suite/devtools/quality_tools,3,85362,0.00
Directory,GitHub/09_documentation/organized/scripts,3,24138,0.00
Directory,pythons/audio_video_conversion/analyzers,3,20001,0.00
Directory,pythons/audio_video_conversion/csv_tools,3,11467,0.00
Directory,pythons/simplrgallery-code/simplegallery2/logic,3,4204,0.00
Directory,pythons/simplrgallery-code/simplegallery2/upload,3,1490,0.00
Directory,pythons/simplrgallery-code/simplegallery1/logic,3,4204,0.00
Directory,pythons/simplrgallery-code/simplegallery1/upload,3,1490,0.00
Directory,pythons/documentation/LLM_Course_Engineers_Handbook_Cover/.history,3,144825,0.00
Directory,pythons/documentation/LLM_Course_Engineers_Handbook_Cover/img,3,1049669,0.00
Directory,pythons/spicetify-themes/SharkBlue,3,6949,0.00
Directory,pythons/spicetify-themes/Blossom,3,737,0.00
Directory,pythons/2T-Xx-python/documentation,3,88585,0.00
Directory,pythons/2T-Xx-python,3,41721,0.00
Directory,pythons/AUTOMATION_BOTS/twitch_bots/Twitch-Best-Of,3,9902,0.00
Directory,pythons/AUTOMATION_BOTS/web_scrapers/fiverr-scraping-api,3,6380,0.00
Directory,pythons/AUTOMATION_BOTS/youtube_bots,3,38807,0.00
Directory,pythons/CONTENT_AWARE_CATALOG/CONTENT_ORGANIZED,3,9768,0.00
Directory,pythons/axolotl-main/cicd,3,4418,0.00
Directory,pythons/axolotl-main/examples/gemma3,3,3643,0.00
Directory,pythons/axolotl-main/examples/falcon,3,4673,0.00
Directory,pythons/axolotl-main/scripts,3,6051,0.00
Directory,pythons/Twitch-Streamer-GPT-main/wait_mp3,3,52452,0.00
Directory,pythons/TG-MegaBot,3,13312,0.00
Directory,pythons/DATA_UTILITIES/legacy_categories/storyboarder_adaptive_setup,3,11569,0.00
Directory,pythons/DATA_UTILITIES/data-analyzer/analyzer_prompt-trans,3,1570,0.00
Directory,pythons/DATA_UTILITIES/data-analyzer/functional_analysis,3,13326211,0.01
Directory,pythons/DATA_UTILITIES/data-analyzer/comparison_analysis,3,50077,0.00
Directory,pythons/DATA_UTILITIES/doc-generator/.lh,3,4794,0.00
Directory,pythons/content_creation/blog_automation/autoblog,3,672484,0.00
Directory,pythons/content_creation/articles/intelligent_articles,3,49961544,0.05
Directory,pythons/simplegallery/logic,3,4204,0.00
Directory,pythons/simplegallery/2.0/upload,3,1490,0.00
Directory,pythons/simplegallery/upload,3,1490,0.00
Directory,pythons/utilities/Drive-image-link-converter,3,7603,0.00
Directory,pythons/utilities/sora-video-generator,3,891,0.00
Directory,pythons/MEDIA_PROCESSING/image_tools/cross-stitch-pattern-maker,3,6885,0.00
Directory,pythons/deepdive_scan_20251225_023925,3,8283896,0.01
Directory,pythons/botty/youtube-bulk-upload-main/images,3,920274,0.00
Directory,pythons/botty/PRINTIFY-API,3,959,0.00
Directory,pythons/botty/PRINTIFY_API_MUG,3,6300,0.00
Directory,pythons/botty/Mockup-Automation-Script-main 2,3,10876,0.00
Directory,pythons/Notebook LM The Ultimate AI Content,3,804938,0.00
Directory,scripts/remove-bg-cli,3,460617,0.00
Directory,scripts/organize,3,28961,0.00
Directory,scripts/setup,3,7564,0.00
Directory,Documents/HTML/SBHTML,3,6045700,0.01
Directory,Documents/HTML/SBHTML/BuufJuiced-Armageddon-dubs SBHTML,3,7908,0.00
