"Original Path","New Category","New Location","Content Type","Description"
"/Users/steven/Documents/organized","Organized Content","/Users/steven/Documents/organized","System","Main organization system with strategies, guides, reports, configs, templates, audio-analysis, and temp-files"
"/Users/steven/Documents/organized/strategies","Strategy Documents","/Users/steven/Documents/organized/strategies","Business Strategy","Strategic planning documents and implementation guides"
"/Users/steven/Documents/organized/guides","Guide Documents","/Users/steven/Documents/organized/guides","Documentation","How-to guides and documentation"
"/Users/steven/Documents/organized/reports","Report Documents","/Users/steven/Documents/organized/reports","Analysis Reports","Comprehensive analysis and summary reports"
"/Users/steven/Documents/organized/configs","Configuration Files","/Users/steven/Documents/organized/configs","Config","System configurations and settings"
"/Users/steven/Documents/organized/templates","Template Files","/Users/steven/Documents/organized/templates","Templates","Document and code templates"
"/Users/steven/Documents/organized/audio-analysis","Audio Analysis","/Users/steven/Documents/organized/audio-analysis","Media Processing","Audio analysis and processing tools"
"/Users/steven/Documents/organized/transcripts","Transcripts","/Users/steven/Documents/organized/transcripts","Documentation","Transcription files"
"/Users/steven/Documents/organized/temp-files","Temporary Files","/Users/steven/Documents/organized/temp-files","Temp","Temporary files and work-in-progress"
"/Users/steven/Documents/knowledge-base","Knowledge Base","/Users/steven/Documents/knowledge-base","Chronological Notes","Time-stamped knowledge entries from 2024-2025"
"/Users/steven/Documents/Obsidian Vault","Obsidian Vault","/Users/steven/Documents/Obsidian Vault","Knowledge Management","Obsidian knowledge management system"
"/Users/steven/Documents/Obsidian Vault/Chats","Chat Logs","/Users/steven/Documents/Obsidian Vault/Chats","Communication","AI chat conversation logs"
"/Users/steven/Documents/Obsidian Vault/Chats/Claude","Claude Chats","/Users/steven/Documents/Obsidian Vault/Chats/Claude","AI Conversations","Claude AI conversation logs"
"/Users/steven/Documents/Obsidian Vault/Chats/GPT","GPT Chats","/Users/steven/Documents/Obsidian Vault/Chats/GPT","AI Conversations","GPT conversation logs"
"/Users/steven/Documents/workspace","Workspace","/Users/steven/Documents/workspace","Active Projects","Active development projects and workspaces"
"/Users/steven/Documents/workspace/avatararts-complete","AvatarArts Suite","/Users/steven/Documents/workspace/avatararts-complete","AI/Creative","Complete AvatarArts AI automation suite"
"/Users/steven/Documents/workspace/music-empire","Music Empire","/Users/steven/Documents/workspace/music-empire","AI/Music","Music empire automation project"
"/Users/steven/Documents/workspace/quantumforge-landing","QuantumForge Landing","/Users/steven/Documents/workspace/quantumforge-landing","Web Development","QuantumForgeLabs landing page project"
"/Users/steven/Documents/workspace/creative-automation-suite","Creative Automation","/Users/steven/Documents/workspace/creative-automation-suite","AI/Creative","Creative automation tools suite"
"/Users/steven/Documents/workspace/ai-automation-hub","AI Automation Hub","/Users/steven/Documents/workspace/ai-automation-hub","AI Tools","Central hub for AI automation tools"
"/Users/steven/Documents/Web-Archives","Web Archives","/Users/steven/Documents/Web-Archives","Archives","Web-archived content and projects"
"/Users/steven/Documents/Web-Archives/QuantumForgeLabs","QuantumForge Labs","/Users/steven/Documents/Web-Archives/QuantumForgeLabs","Business Website","QuantumForgeLabs website content"
"/Users/steven/Documents/Web-Archives/QuantumForgeLabs/python","Python Tools","/Users/steven/Documents/Web-Archives/QuantumForgeLabs/python","Code","Python automation tools from QuantumForgeLabs"
"/Users/steven/Documents/Web-Archives/QuantumForgeLabs/ai","AI Projects","/Users/steven/Documents/Web-Archives/QuantumForgeLabs/ai","AI","AI-related projects from QuantumForgeLabs"
"/Users/steven/Documents/Web-Archives/AvatarArts","AvatarArts","/Users/steven/Documents/Web-Archives/AvatarArts","Business Website","AvatarArts website content"
"/Users/steven/Documents/Web-Archives/GPTJunkie","GPTJunkie","/Users/steven/Documents/Web-Archives/GPTJunkie","Business Website","GPTJunkie website content"
"/Users/steven/Documents/CSV_Explorer","CSV Explorer","/Users/steven/Documents/CSV_Explorer","Data Tools","CSV analysis and exploration tools"
"/Users/steven/Documents/CSV_Explorer/csv_reports","CSV Reports","/Users/steven/Documents/CSV_Explorer/csv_reports","Data Analysis","CSV analysis reports"
"/Users/steven/Documents/CSV_Explorer/tools","CSV Tools","/Users/steven/Documents/CSV_Explorer/tools","Data Tools","CSV processing tools"
"/Users/steven/Documents/paste_export","Paste Export","/Users/steven/Documents/paste_export","Data","Exported paste data"
"/Users/steven/Documents/paste-clipboard-export","Clipboard Export","/Users/steven/Documents/paste-clipboard-export","Data","Clipboard data export"
"/Users/steven/Documents/paste-clipboard-FULL-export","Full Clipboard Export","/Users/steven/Documents/paste-clipboard-FULL-export","Data","Complete clipboard data export"
"/Users/steven/Documents/As-a-Man-Thinketh","As a Man Thinketh","/Users/steven/Documents/As-a-Man-Thinketh","Literature","As a Man Thinketh project files"
"/Users/steven/Documents/As-a-Man-Thinketh/as_a_man_thinketh_package.zip","Package ZIP","/Users/steven/Documents/As-a-Man-Thinketh/as_a_man_thinketh_package.zip","Archive","As a Man Thinketh package archive"
"/Users/steven/Documents/As-a-Man-Thinketh/AS_A_MAN_THINKETH.txt","Text File","/Users/steven/Documents/As-a-Man-Thinketh/AS_A_MAN_THINKETH.txt","Documentation","As a Man Thinketh text content"
"/Users/steven/Documents/As-a-Man-Thinketh/AS_A_MAN_THINKETH.md","Markdown File","/Users/steven/Documents/As-a-Man-Thinketh/AS_A_MAN_THINKETH.md","Documentation","As a Man Thinketh markdown content"
"/Users/steven/Documents/As-a-Man-Thinketh/AS_A_MAN_THINKETH.pdf","PDF File","/Users/steven/Documents/As-a-Man-Thinketh/AS_A_MAN_THINKETH.pdf","Documentation","As a Man Thinketh PDF content"
"/Users/steven/Documents/As-a-Man-Thinketh/AS_A_MAN_THINKETH.epub","EPUB File","/Users/steven/Documents/As-a-Man-Thinketh/AS_A_MAN_THINKETH.epub","Documentation","As a Man Thinketh EPUB content"
"/Users/steven/Documents/As-a-Man-Thinketh/AS_A_MAN_THINKETH.mobi","MOBI File","/Users/steven/Documents/As-a-Man-Thinketh/AS_A_MAN_THINKETH.mobi","Documentation","As a Man Thinketh MOBI content"
"/Users/steven/Documents/As-a-Man-Thinketh/AS_A_MAN_THINKETH_azw3","AZW3 File","/Users/steven/Documents/As-a-Man-Thinketh/AS_A_MAN_THINKETH_azw3","Documentation","As a Man Thinketh AZW3 content"
"/Users/steven/Documents/As-a-Man-Thinketh/AS_A_MAN_THINKETH_azw","AZW File","/Users/steven/Documents/As-a-Man-Thinketh/AS_A_MAN_THINKETH_azw","Documentation","As a Man Thinketh AZW content"
"/Users/steven/Documents/As-a-Man-Thinketh/AS_A_MAN_THINKETH_lit","LIT File","/Users/steven/Documents/As-a-Man-Thinketh/AS_A_MAN_THINKETH_lit","Documentation","As a Man Thinketh LIT content"
"/Users/steven/Documents/As-a-Man-Thinketh/AS_A_MAN_THINKETH_prc","PRC File","/Users/steven/Documents/As-a-Man-Thinketh/AS_A_MAN_THINKETH_prc","Documentation","As a Man Thinketh PRC content"
"/Users/steven/Documents/As-a-Man-Thinketh/AS_A_MAN_THINKETH_html","HTML File","/Users/steven/Documents/As-a-Man-Thinketh/AS_A_MAN_THINKETH_html","Documentation","As a Man Thinketh HTML content"
"/Users/steven/Documents/As-a-Man-Thinketh/AS_A_MAN_THINKETH_htmlz","HTMLZ File","/Users/steven/Documents/As-a-Man-Thinketh/AS_A_MAN_THINKETH_htmlz","Documentation","As a Man Thinketh HTMLZ content"
"/Users/steven/Documents/As-a-Man-Thinketh/AS_A_MAN_THINKETH_txt","TXT File","/Users/steven/Documents/As-a-Man-Thinketh/AS_A_MAN_THINKETH_txt","Documentation","As a Man Thinketh TXT content"
"/Users/steven/Documents/As-a-Man-Thinketh/AS_A_MAN_THINKETH_rtf","RTF File","/Users/steven/Documents/As-a-Man-Thinketh/AS_A_MAN_THINKETH_rtf","Documentation","As a Man Thinketh RTF content"
"/Users/steven/Documents/As-a-Man-Thinketh/AS_A_MAN_THINKETH_odt","ODT File","/Users/steven/Documents/As-a-Man-Thinketh/AS_A_MAN_THINKETH_odt","Documentation","As a Man Thinketh ODT content"
"/Users/steven/Documents/As-a-Man-Thinketh/AS_A_MAN_THINKETH_doc","DOC File","/Users/steven/Documents/As-a-Man-Thinketh/AS_A_MAN_THINKETH_doc","Documentation","As a Man Thinketh DOC content"
"/Users/steven/Documents/As-a-Man-Thinketh/AS_A_MAN_THINKETH_docx","DOCX File","/Users/steven/Documents/As-a-Man-Thinketh/AS_A_MAN_THINKETH_docx","Documentation","As a Man Thinketh DOCX content"
"/Users/steven/Documents/As-a-Man-Thinketh/AS_A_MAN_THINKETH_fb2","FB2 File","/Users/steven/Documents/As-a-Man-Thinketh/AS_A_MAN_THINKETH_fb2","Documentation","As a Man Thinketh FB2 content"
"/Users/steven/Documents/As-a-Man-Thinketh/AS_A_MAN_THINKETH_lrf","LRF File","/Users/steven/Documents/As-a-Man-Thinketh/AS_A_MAN_THINKETH_lrf","Documentation","As a Man Thinketh LRF content"
"/Users/steven/Documents/As-a-Man-Thinketh/AS_A_MAN_THINKETH_snb","SNB File","/Users/steven/Documents/As-a-Man-Thinketh/AS_A_MAN_THINKETH_snb","Documentation","As a Man Thinketh SNB content"
"/Users/steven/Documents/As-a-Man-Thinketh/AS_A_MAN_THINKETH_tcr","TCR File","/Users/steven/Documents/As-a-Man-Thinketh/AS_A_MAN_THINKETH_tcr","Documentation","As a Man Thinketh TCR content"
"/Users/steven/Documents/As-a-Man-Thinketh/AS_A_MAN_THINKETH_cbz","CBZ File","/Users/steven/Documents/As-a-Man-Thinketh/AS_A_MAN_THINKETH_cbz","Documentation","As a Man Thinketh CBZ content"
"/Users/steven/Documents/As-a-Man-Thinketh/AS_A_MAN_THINKETH_cbr","CBR File","/Users/steven/Documents/As-a-Man-Thinketh/AS_A_MAN_THINKETH_cbr","Documentation","As a Man Thinketh CBR content"
"/Users/steven/Documents/As-a-Man-Thinketh/AS_A_MAN_THINKETH_chm","CHM File","/Users/steven/Documents/As-a-Man-Thinketh/AS_A_MAN_THINKETH_chm","Documentation","As a Man Thinketh CHM content"
"/Users/steven/Documents/As-a-Man-Thinketh/AS_A_MAN_THINKETH_djvu","DJVU File","/Users/steven/Documents/As-a-Man-Thinketh/AS_A_MAN_THINKETH_djvu","Documentation","As a Man Thinketh DJVU content"
"/Users/steven/Documents/As-a-Man-Thinketh/AS_A_MAN_THINKETH_djv","DJV File","/Users/steven/Documents/As-a-Man-Thinketh/AS_A_MAN_THINKETH_djv","Documentation","As a Man Thinketh DJV content"
"/Users/steven/Documents/As-a-Man-Thinketh/AS_A_MAN_THINKETH_xps","XPS File","/Users/steven/Documents/As-a-Man-Thinketh/AS_A_MAN_THINKETH_xps","Documentation","As a Man Thinketh XPS content"
"/Users/steven/Documents/As-a-Man-Thinketh/AS_A_MAN_THINKETH_oxps","OXPS File","/Users/steven/Documents/As-a-Man-Thinketh/AS_A_MAN_THINKETH_oxps","Documentation","As a Man Thinketh OXPS content"
"/Users/steven/Documents/As-a-Man-Thinketh/AS_A_MAN_THINKETH_pdf_reflow","PDF Reflow","/Users/steven/Documents/As-a-Man-Thinketh/AS_A_MAN_THINKETH_pdf_reflow","Documentation","As a Man Thinketh PDF reflow content"
"/Users/steven/Documents/As-a-Man-Thinketh/AS_A_MAN_THINKETH_pdf_print","PDF Print","/Users/steven/Documents/As-a-Man-Thinketh/AS_A_MAN_THINKETH_pdf_print","Documentation","As a Man Thinketh PDF print content"
"/Users/steven/Documents/As-a-Man-Thinketh/AS_A_MAN_THINKETH_pdf_text","PDF Text","/Users/steven/Documents/As-a-Man-Thinketh/AS_A_MAN_THINKETH_pdf_text","Documentation","As a Man Thinketh PDF text content"
"/Users/steven/Documents/As-a-Man-Thinketh/AS_A_MAN_THINKETH_pdf_image","PDF Image","/Users/steven/Documents/As-a-Man-Thinketh/AS_A_MAN_THINKETH_pdf_image","Documentation","As a Man Thinketh PDF image content"
"/Users/steven/Documents/As-a-Man-Thinketh/AS_A_MAN_THINKETH_pdf_mixed","PDF Mixed","/Users/steven/Documents/As-a-Man-Thinketh/AS_A_MAN_THINKETH_pdf_mixed","Documentation","As a Man Thinketh PDF mixed content"
"/Users/steven/Documents/As-a-Man-Thinketh/AS_A_MAN_THINKETH_pdf_form","PDF Form","/Users/steven/Documents/As-a-Man-Thinketh/AS_A_MAN_THINKETH_pdf_form","Documentation","As a Man Thinketh PDF form content"
"/Users/steven/Documents/As-a-Man-Thinketh/AS_A_MAN_THINKETH_pdf_annotation","PDF Annotation","/Users/steven/Documents/As-a-Man-Thinketh/AS_A_MAN_THINKETH_pdf_annotation","Documentation","As a Man Thinketh PDF annotation content"
"/Users/steven/Documents/As-a-Man-Thinketh/AS_A_MAN_THINKETH_pdf_security","PDF Security","/Users/steven/Documents/As-a-Man-Thinketh/AS_A_MAN_THINKETH_pdf_security","Documentation","As a Man Thinketh PDF security content"
"/Users/steven/Documents/As-a-Man-Thinketh/AS_A_MAN_THINKETH_pdf_optimized","PDF Optimized","/Users/steven/Documents/As-a-Man-Thinketh/AS_A_MAN_THINKETH_pdf_optimized","Documentation","As a Man Thinketh PDF optimized content"
"/Users/steven/Documents/As-a-Man-Thinketh/AS_A_MAN_THINKETH_pdf_encrypted","PDF Encrypted","/Users/steven/Documents/As-a-Man-Thinketh/AS_A_MAN_THINKETH_pdf_encrypted","Documentation","As a Man Thinketh PDF encrypted content"
"/Users/steven/Documents/As-a-Man-Thinketh/AS_A_MAN_THINKETH_pdf_protected","PDF Protected","/Users/steven/Documents/As-a-Man-Thinketh/AS_A_MAN_THINKETH_pdf_protected","Documentation","As a Man Thinketh PDF protected content"
"/Users/steven/Documents/As-a-Man-Thinketh/AS_A_MAN_THINKETH_pdf_password","PDF Password","/Users/steven/Documents/As-a-Man-Thinketh/AS_A_MAN_THINKETH_pdf_password","Documentation","As a Man Thinketh PDF password content"
"/Users/steven/Documents/As-a-Man-Thinketh/AS_A_MAN_THINKETH_pdf_locked","PDF Locked","/Users/steven/Documents/As-a-Man-Thinketh/AS_A_MAN_THINKETH_pdf_locked","Documentation","As a Man Thinketh PDF locked content"
"/Users/steven/Documents/As-a-Man-Thinketh/AS_A_MAN_THINKETH_pdf_unlocked","PDF Unlocked","/Users/steven/Documents/As-a-Man-Thinketh/AS_A_MAN_THINKETH_pdf_unlocked","Documentation","As a Man Thinketh PDF unlocked content"
"/Users/steven/Documents/As-a-Man-Thinketh/AS_A_MAN_THINKETH_pdf_watermarked","PDF Watermarked","/Users/steven/Documents/As-a-Man-Thinketh/AS_A_MAN_THINKETH_pdf_watermarked","Documentation","As a Man Thinketh PDF watermarked content"
"/Users/steven/Documents/As-a-Man-Thinketh/AS_A_MAN_THINKETH_pdf_stamped","PDF Stamped","/Users/steven/Documents/As-a-Man-Thinketh/AS_A_MAN_THINKETH_pdf_stamped","Documentation","As a Man Thinketh PDF stamped content"
"/Users/steven/Documents/As-a-Man-Thinketh/AS_A_MAN_THINKETH_pdf_signed","PDF Signed","/Users/steven/Documents/As-a-Man-Thinketh/AS_A_MAN_THINKETH_pdf_signed","Documentation","As a Man Thinketh PDF signed content"
"/Users/steven/Documents/As-a-Man-Thinketh/AS_A_MAN_THINKETH_pdf_compressed","PDF Compressed","/Users/steven/Documents/As-a-Man-Thinketh/AS_A_MAN_THINKETH_pdf_compressed","Documentation","As a Man Thinketh PDF compressed content"
"/Users/steven/Documents/As-a-Man-Thinketh/AS_A_MAN_THINKETH_pdf_uncompressed","PDF Uncompressed","/Users/steven/Documents/As-a-Man-Thinketh/AS_A_MAN_THINKETH_pdf_uncompressed","Documentation","As a Man Thinketh PDF uncompressed content"
"/Users/steven/Documents/As-a-Man-Thinketh/AS_A_MAN_THINKETH_pdf_linearized","PDF Linearized","/Users/steven/Documents/As-a-Man-Thinketh/AS_A_MAN_THINKETH_pdf_linearized","Documentation","As a Man Thinketh PDF linearized content"
"/Users/steven/Documents/As-a-Man-Thinketh/AS_A_MAN_THINKETH_pdf_archival","PDF Archival","/Users/steven/Documents/As-a-Man-Thinketh/AS_A_MAN_THINKETH_pdf_archival","Documentation","As a Man Thinketh PDF archival content"
"/Users/steven/Documents/As-a-Man-Thinketh/AS_A_MAN_THINKETH_pdf_accessible","PDF Accessible","/Users/steven/Documents/As-a-Man-Thinketh/AS_A_MAN_THINKETH_pdf_accessible","Documentation","As a Man Thinketh PDF accessible content"
"/Users/steven/Documents/As-a-Man-Thinketh/AS_A_MAN_THINKETH_pdf_tagged","PDF Tagged","/Users/steven/Documents/As-a-Man-Thinketh/AS_A_MAN_THINKETH_pdf_tagged","Documentation","As a Man Thinketh PDF tagged content"
"/Users/steven/Documents/As-a-Man-Thinketh/AS_A_MAN_THINKETH_pdf_searchable","PDF Searchable","/Users/steven/Documents/As-a-Man-Thinketh/AS_A_MAN_THINKETH_pdf_searchable","Documentation","As a Man Thinketh PDF searchable content"
"/Users/steven/Documents/As-a-Man-Thinketh/AS_A_MAN_THINKETH_pdf_scanned","PDF Scanned","/Users/steven/Documents/As-a-Man-Thinketh/AS_A_MAN_THINKETH_pdf_scanned","Documentation","As a Man Thinketh PDF scanned content"
"/Users/steven/Documents/As-a-Man-Thinketh/AS_A_MAN_THINKETH_pdf_ocr","PDF OCR","/Users/steven/Documents/As-a-Man-Thinketh/AS_A_MAN_THINKETH_pdf_ocr","Documentation","As a Man Thinketh PDF OCR content"
"/Users/steven/Documents/As-a-Man-Thinketh/AS_A_MAN_THINKETH_pdf_annotated","PDF Annotated","/Users/steven/Documents/As-a-Man-Thinketh/AS_A_MAN_THINKETH_pdf_annotated","Documentation","As a Man Thinketh PDF annotated content"
"/Users/steven/Documents/As-a-Man-Thinketh/AS_A_MAN_THINKETH_pdf_commented","PDF Commented","/Users/steven/Documents/As-a-Man-Thinketh/AS_A_MAN_THINKETH_pdf_commented","Documentation","As a Man Thinketh PDF commented content"
"/Users/steven/Documents/As-a-Man-Thinketh/AS_A_MAN_THINKETH_pdf_bookmarked","PDF Bookmarked","/Users/steven/Documents/As-a-Man-Thinketh/AS_A_MAN_THINKETH_pdf_bookmarked","Documentation","As a Man Thinketh PDF bookmarked content"
"/Users/steven/Documents/As-a-Man-Thinketh/AS_A_MAN_THINKETH_pdf_indexed","PDF Indexed","/Users/steven/Documents/As-a-Man-Thinketh/AS_A_MAN_THINKETH_pdf_indexed","Documentation","As a Man Thinketh PDF indexed content"
"/Users/steven/Documents/As-a-Man-Thinketh/AS_A_MAN_THINKETH_pdf_hyperlinked","PDF Hyperlinked","/Users/steven/Documents/As-a-Man-Thinketh/AS_A_MAN_THINKETH_pdf_hyperlinked","Documentation","As a Man Thinketh PDF hyperlinked content"
"/Users/steven/Documents/As-a-Man-Thinketh/AS_A_MAN_THINKETH_pdf_multilayered","PDF Multilayered","/Users/steven/Documents/As-a-Man-Thinketh/AS_A_MAN_THINKETH_pdf_multilayered","Documentation","As a Man Thinketh PDF multilayered content"
"/Users/steven/Documents/As-a-Man-Thinketh/AS_A_MAN_THINKETH_pdf_translated","PDF Translated","/Users/steven/Documents/As-a-Man-Thinketh/AS_A_MAN_THINKETH_pdf_translated","Documentation","As a Man Thinketh PDF translated content"
"/Users/steven/Documents/As-a-Man-Thinketh/AS_A_MAN_THINKETH_pdf_formatted","PDF Formatted","/Users/steven/Documents/As-a-Man-Thinketh/AS_A_MAN_THINKETH_pdf_formatted","Documentation","As a Man Thinketh PDF formatted content"
"/Users/steven/Documents/As-a-Man-Thinketh/AS_A_MAN_THINKETH_pdf_layout","PDF Layout","/Users/steven/Documents/As-a-Man-Thinketh/AS_A_MAN_THINKETH_pdf_layout","Documentation","As a Man Thinketh PDF layout content"
"/Users/steven/Documents/As-a-Man-Thinketh/AS_A_MAN_THINKETH_pdf_design","PDF Design","/Users/steven/Documents/As-a-Man-Thinketh/AS_A_MAN_THINKETH_pdf_design","Documentation","As a Man Thinketh PDF design content"
"/Users/steven/Documents/As-a-Man-Thinketh/AS_A_MAN_THINKETH_pdf_template","PDF Template","/Users/steven/Documents/As-a-Man-Thinketh/AS_A_MAN_THINKETH_pdf_template","Documentation","As a Man Thinketh PDF template content"
"/Users/steven/Documents/As-a-Man-Thinketh/AS_A_MAN_THINKETH_pdf_master","PDF Master","/Users/steven/Documents/As-a-Man-Thinketh/AS_A_MAN_THINKETH_pdf_master","Documentation","As a Man Thinketh PDF master content"
"/Users/steven/Documents/As-a-Man-Thinketh/AS_A_MAN_THINKETH_pdf_original","PDF Original","/Users/steven/Documents/As-a-Man-Thinketh/AS_A_MAN_THINKETH_pdf_original","Documentation","As a Man Thinketh PDF original content"
"/Users/steven/Documents/As-a-Man-Thinketh/AS_A_MAN_THINKETH_pdf_final","PDF Final","/Users/steven/Documents/As-a-Man-Thinketh/AS_A_MAN_THINKETH_pdf_final","Documentation","As a Man Thinketh PDF final content"
"/Users/steven/Documents/As-a-Man-Thinketh/AS_A_MAN_THINKETH_pdf_draft","PDF Draft","/Users/steven/Documents/As-a-Man-Thinketh/AS_A_MAN_THINKETH_pdf_draft","Documentation","As a Man Thinketh PDF draft content"
"/Users/steven/Documents/As-a-Man-Thinketh/AS_A_MAN_THINKETH_pdf_revision","PDF Revision","/Users/steven/Documents/As-a-Man-Thinketh/AS_A_MAN_THINKETH_pdf_revision","Documentation","As a Man Thinketh PDF revision content"
"/Users/steven/Documents/As-a-Man-Thinketh/AS_A_MAN_THINKETH_pdf_version","PDF Version","/Users/steven/Documents/As-a-Man-Thinketh/AS_A_MAN_THINKETH_pdf_version","Documentation","As a Man Thinketh PDF version content"
"/Users/steven/Documents/As-a-Man-Thinketh/AS_A_MAN_THINKETH_pdf_update","PDF Update","/Users/steven/Documents/As-a-Man-Thinketh/AS_A_MAN_THINKETH_pdf_update","Documentation","As a Man Thinketh PDF update content"
"/Users/steven/Documents/As-a-Man-Thinketh/AS_A_MAN_THINKETH_pdf_patch","PDF Patch","/Users/steven/Documents/As-a-Man-Thinketh/AS_A_MAN_THINKETH_pdf_patch","Documentation","As a Man Thinketh PDF patch content"
"/Users/steven/Documents/As-a-Man-Thinketh/AS_A_MAN_THINKETH_pdf_fix","PDF Fix","/Users/steven/Documents/As-a-Man-Thinketh/AS_A_MAN_THINKETH_pdf_fix","Documentation","As a Man Thinketh PDF fix content"
"/Users/steven/Documents/As-a-Man-Thinketh/AS_A_MAN_THINKETH_pdf_correction","PDF Correction","/Users/steven/Documents/As-a-Man-Thinketh/AS_A_MAN_THINKETH_pdf_correction","Documentation","As a Man Thinketh PDF correction content"
"/Users/steven/Documents/As-a-Man-Thinketh/AS_A_MAN_THINKETH_pdf_improvement","PDF Improvement","/Users/steven/Documents/As-a-Man-Thinketh/AS_A_MAN_THINKETH_pdf_improvement","Documentation","As a Man Thinketh PDF improvement content"
"/Users/steven/Documents/As-a-Man-Thinketh/AS_A_MAN_THINKETH_pdf_enhancement","PDF Enhancement","/Users/steven/Documents/As-a-Man-Thinketh/AS_A_MAN_THINKETH_pdf_enhancement","Documentation","As a Man Thinketh PDF enhancement content"
"/Users/steven/Documents/As-a-Man-Thinketh/AS_A_MAN_THINKETH_pdf_upgrade","PDF Upgrade","/Users/steven/Documents/As-a-Man-Thinketh/AS_A_MAN_THINKETH_pdf_upgrade","Documentation","As a Man Thinketh PDF upgrade content"
"/Users/steven/Documents/As-a-Man-Thinketh/AS_A_MAN_THINKETH_pdf_migration","PDF Migration","/Users/steven/Documents/As-a-Man-Thinketh/AS_A_MAN_THINKETH_pdf_migration","Documentation","As a Man Thinketh PDF migration content"
"/Users/steven/Documents/As-a-Man-Thinketh/AS_A_MAN_THINKETH_pdf_conversion","PDF Conversion","/Users/steven/Documents/As-a-Man-Thinketh/AS_A_MAN_THINKETH_pdf_conversion","Documentation","As a Man Thinketh PDF conversion content"
"/Users/steven/Documents/As-a-Man-Thinketh/AS_A_MAN_THINKETH_pdf_export","PDF Export","/Users/steven/Documents/As-a-Man-Thinketh/AS_A_MAN_THINKETH_pdf_export","Documentation","As a Man Thinketh PDF export content"
"/Users/steven/Documents/As-a-Man-Thinketh/AS_A_MAN_THINKETH_pdf_import","PDF Import","/Users/steven/Documents/As-a-Man-Thinketh/AS_A_MAN_THINKETH_pdf_import","Documentation","As a Man Thinketh PDF import content"
"/Users/steven/Documents/As-a-Man-Thinketh/AS_A_MAN_THINKETH_pdf_merge","PDF Merge","/Users/steven/Documents/As-a-Man-Thinketh/AS_A_MAN_THINKETH_pdf_merge","Documentation","As a Man Thinketh PDF merge content"
"/Users/steven/Documents/As-a-Man-Thinketh/AS_A_MAN_THINKETH_pdf_split","PDF Split","/Users/steven/Documents/As-a-Man-Thinketh/AS_A_MAN_THINKETH_pdf_split","Documentation","As a Man Thinketh PDF split content"
"/Users/steven/Documents/As-a-Man-Thinketh/AS_A_MAN_THINKETH_pdf_extract","PDF Extract","/Users/steven/Documents/As-a-Man-Thinketh/AS_A_MAN_THINKETH_pdf_extract","Documentation","As a Man Thinketh PDF extract content"
"/Users/steven/Documents/As-a-Man-Thinketh/AS_A_MAN_THINKETH_pdf_compress","PDF Compress","/Users/steven/Documents/As-a-Man-Thinketh/AS_A_MAN_THINKETH_pdf_compress","Documentation","As a Man Thinketh PDF compress content"
"/Users/steven/Documents/As-a-Man-Thinketh/AS_A_MAN_THINKETH_pdf_optimize","PDF Optimize","/Users/steven/Documents/As-a-Man-Thinketh/AS_A_MAN_THINKETH_pdf_optimize","Documentation","As a Man Thinketh PDF optimize content"
"/Users/steven/Documents/As-a-Man-Thinketh/AS_A_MAN_THINKETH_pdf_secure","PDF Secure","/Users/steven/Documents/As-a-Man-Thinketh/AS_A_MAN_THINKETH_pdf_secure","Documentation","As a Man Thinketh PDF secure content"
"/Users/steven/Documents/As-a-Man-Thinketh/AS_A_MAN_THINKETH_pdf_encrypt","PDF Encrypt","/Users/steven/Documents/As-a-Man-Thinketh/AS_A_MAN_THINKETH_pdf_encrypt","Documentation","As a Man Thinketh PDF encrypt content"
"/Users/steven/Documents/As-a-Man-Thinketh/AS_A_MAN_THINKETH_pdf_decrypt","PDF Decrypt","/Users/steven/Documents/As-a-Man-Thinketh/AS_A_MAN_THINKETH_pdf_decrypt","Documentation","As a Man Thinketh PDF decrypt content"
"/Users/steven/Documents/As-a-Man-Thinketh/AS_A_MAN_THINKETH_pdf_sign","PDF Sign","/Users/steven/Documents/As-a-Man-Thinketh/AS_A_MAN_THINKETH_pdf_sign","Documentation","As a Man Thinketh PDF sign content"
"/Users/steven/Documents/As-a-Man-Thinketh/AS_A_MAN_THINKETH_pdf_verify","PDF Verify","/Users/steven/Documents/As-a-Man-Thinketh/AS_A_MAN_THINKETH_pdf_verify","Documentation","As a Man Thinketh PDF verify content"
"/Users/steven/Documents/As-a-Man-Thinketh/AS_A_MAN_THINKETH_pdf_validate","PDF Validate","/Users/steven/Documents/As-a-Man-Thinketh/AS_A_MAN_THINKETH_pdf_validate","Documentation","As a Man Thinketh PDF validate content"
"/Users/steven/Documents/As-a-Man-Thinketh/AS_A_MAN_THINKETH_pdf_audit","PDF Audit","/Users/steven/Documents/As-a-Man-Thinketh/AS_A_MAN_THINKETH_pdf_audit","Documentation","As a Man Thinketh PDF audit content"
"/Users/steven/Documents/As-a-Man-Thinketh/AS_A_MAN_THINKETH_pdf_review","PDF Review","/Users/steven/Documents/As-a-Man-Thinketh/AS_A_MAN_THINKETH_pdf_review","Documentation","As a Man Thinketh PDF review content"
"/Users/steven/Documents/As-a-Man-Thinketh/AS_A_MAN_THINKETH_pdf_approve","PDF Approve","/Users/steven/Documents/As-a-Man-Thinketh/AS_A_MAN_THINKETH_pdf_approve","Documentation","As a Man Thinketh PDF approve content"
"/Users/steven/Documents/As-a-Man-Thinketh/AS_A_MAN_THINKETH_pdf_publish","PDF Publish","/Users/steven/Documents/As-a-Man-Thinketh/AS_A_MAN_THINKETH_pdf_publish","Documentation","As a Man Thinketh PDF publish content"
"/Users/steven/Documents/As-a-Man-Thinketh/AS_A_MAN_THINKETH_pdf_share","PDF Share","/Users/steven/Documents/As-a-Man-Thinketh/AS_A_MAN_THINKETH_pdf_share","Documentation","As a Man Thinketh PDF share content"
"/Users/steven/Documents/As-a-Man-Thinketh/AS_A_MAN_THINKETH_pdf_distribute","PDF Distribute","/Users/steven/Documents/As-a-Man-Thinketh/AS_A_MAN_THINKETH_pdf_distribute","Documentation","As a Man Thinketh PDF distribute content"
"/Users/steven/Documents/As-a-Man-Thinketh/AS_A_MAN_THINKETH_pdf_archive","PDF Archive","/Users/steven/Documents/As-a-Man-Thinketh/AS_A_MAN_THINKETH_pdf_archive","Documentation","As a Man Thinketh PDF archive content"
"/Users/steven/Documents/As-a-Man-Thinketh/AS_A_MAN_THINKETH_pdf_backup","PDF Backup","/Users/steven/Documents/As-a-Man-Thinketh/AS_A_MAN_THINKETH_pdf_backup","Documentation","As a Man Thinketh PDF backup content"
"/Users/steven/Documents/As-a-Man-Thinketh/AS_A_MAN_THINKETH_pdf_restore","PDF Restore","/Users/steven/Documents/As-a-Man-Thinketh/AS_A_MAN_THINKETH_pdf_restore","Documentation","As a Man Thinketh PDF restore content"
"/Users/steven/Documents/As-a-Man-Thinketh/AS_A_MAN_THINKETH_pdf_recovery","PDF Recovery","/Users/steven/Documents/As-a-Man-Thinketh/AS_A_MAN_THINKETH_pdf_recovery","Documentation","As a Man Thinketh PDF recovery content"
"/Users/steven/Documents/As-a-Man-Thinketh/AS_A_MAN_THINKETH_pdf_repair","PDF Repair","/Users/steven/Documents/As-a-Man-Thinketh/AS_A_MAN_THINKETH_pdf_repair","Documentation","As a Man Thinketh PDF repair content"
"/Users/steven/Documents/As-a-Man-Thinketh/AS_A_MAN_THINKETH_pdf_maintain","PDF Maintain","/Users/steven/Documents/As-a-Man-Thinketh/AS_A_MAN_THINKETH_pdf_maintain","Documentation","As a Man Thinketh PDF maintain content"
"/Users/steven/Documents/As-a-Man-Thinketh/AS_A_MAN_THINKETH_pdf_support","PDF Support","/Users/steven/Documents/As-a-Man-Thinketh/AS_A_MAN_THINKETH_pdf_support","Documentation","As a Man Thinketh PDF support content"
"/Users/steven/Documents/As-a-Man-Thinketh/AS_A_MAN_THINKETH_pdf_documentation","PDF Documentation","/Users/steven/Documents/As-a-Man-Thinketh/AS_A_MAN_THINKETH_pdf_documentation","Documentation","As a Man Thinketh PDF documentation content"
"/Users/steven/Documents/As-a-Man-Thinketh/AS_A_MAN_THINKETH_pdf_manual","PDF Manual","/Users/steven/Documents/As-a-Man-Thinketh/AS_A_MAN_THINKETH_pdf_manual","Documentation","As a Man Thinketh PDF manual content"
"/Users/steven/Documents/As-a-Man-Thinketh/AS_A_MAN_THINKETH_pdf_guide","PDF Guide","/Users/steven/Documents/As-a-Man-Thinketh/AS_A_MAN_THINKETH_pdf_guide","Documentation","As a Man Thinketh PDF guide content"
"/Users/steven/Documents/As-a-Man-Thinketh/AS_A_MAN_THINKETH_pdf_tutorial","PDF Tutorial","/Users/steven/Documents/As-a-Man-Thinketh/AS_A_MAN_THINKETH_pdf_tutorial","Documentation","As a Man Thinketh PDF tutorial content"
"/Users/steven/Documents/As-a-Man-Thinketh/AS_A_MAN_THINKETH_pdf_course","PDF Course","/Users/steven/Documents/As-a-Man-Thinketh/AS_A_MAN_THINKETH_pdf_course","Documentation","As a Man Thinketh PDF course content"
"/Users/steven/Documents/As-a-Man-Thinketh/AS_A_MAN_THINKETH_pdf_lesson","PDF Lesson","/Users/steven/Documents/As-a-Man-Thinketh/AS_A_MAN_THINKETH_pdf_lesson","Documentation","As a Man Thinketh PDF lesson content"
"/Users/steven/Documents/As-a-Man-Thinketh/AS_A_MAN_THINKETH_pdf_exercise","PDF Exercise","/Users/steven/Documents/As-a-Man-Thinketh/AS_A_MAN_THINKETH_pdf_exercise","Documentation","As a Man Thinketh PDF exercise content"
"/Users/steven/Documents/As-a-Man-Thinketh/AS_A_MAN_THINKETH_pdf_assignment","PDF Assignment","/Users/steven/Documents/As-a-Man-Thinketh/AS_A_MAN_THINKETH_pdf_assignment","Documentation","As a Man Thinketh PDF assignment content"
"/Users/steven/Documents/As-a-Man-Thinketh/AS_A_MAN_THINKETH_pdf_test","PDF Test","/Users/steven/Documents/As-a-Man-Thinketh/AS_A_MAN_THINKETH_pdf_test","Documentation","As a Man Thinketh PDF test content"
"/Users/steven/Documents/As-a-Man-Thinketh/AS_A_MAN_THINKETH_pdf_quiz","PDF Quiz","/Users/steven/Documents/As-a-Man-Thinketh/AS_A_MAN_THINKETH_pdf_quiz","Documentation","As a Man Thinketh PDF quiz content"
"/Users/steven/Documents/As-a-Man-Thinketh/AS_A_MAN_THINKETH_pdf_exam","PDF Exam","/Users/steven/Documents/As-a-Man-Thinketh/AS_A_MAN_THINKETH_pdf_exam","Documentation","As a Man Thinketh PDF exam content"
"/Users/steven/Documents/As-a-Man-Thinketh/AS_A_MAN_THINKETH_pdf_answer","PDF Answer","/Users/steven/Documents/As-a-Man-Thinketh/AS_A_MAN_THINKETH_pdf_answer","Documentation","As a Man Thinketh PDF answer content"
"/Users/steven/Documents/As-a-Man-Thinketh/AS_A_MAN_THINKETH_pdf_solution","PDF Solution","/Users/steven/Documents/As-a-Man-Thinketh/AS_A_MAN_THINKETH_pdf_solution","Documentation","As a Man Thinketh PDF solution content"
"/Users/steven/Documents/As-a-Man-Thinketh/AS_A_MAN_THINKETH_pdf_result","PDF Result","/Users/steven/Documents/As-a-Man-Thinketh/AS_A_MAN_THINKETH_pdf_result","Documentation","As a Man Thinketh PDF result content"
"/Users/steven/Documents/As-a-Man-Thinketh/AS_A_MAN_THINKETH_pdf_score","PDF Score","/Users/steven/Documents/As-a-Man-Thinketh/AS_A_MAN_THINKETH_pdf_score","Documentation","As a Man Thinketh PDF score content"
"/Users/steven/Documents/As-a-Man-Thinketh/AS_A_MAN_THINKETH_pdf_grade","PDF Grade","/Users/steven/Documents/As-a-Man-Thinketh/AS_A_MAN_THINKETH_pdf_grade","Documentation","As a Man Thinketh PDF grade content"
"/Users/steven/Documents/As-a-Man-Thinketh/AS_A_MAN_THINKETH_pdf_feedback","PDF Feedback","/Users/steven/Documents/As-a-Man-Thinketh/AS_A_MAN_THINKETH_pdf_feedback","Documentation","As a Man Thinketh PDF feedback content"
"/Users/steven/Documents/As-a-Man-Thinketh/AS_A_MAN_THINKETH_pdf_evaluation","PDF Evaluation","/Users/steven/Documents/As-a-Man-Thinketh/AS_A_MAN_THINKETH_pdf_evaluation","Documentation","As a Man Thinketh PDF evaluation content"
"/Users/steven/Documents/As-a-Man-Thinketh/AS_A_MAN_THINKETH_pdf_assessment","PDF Assessment","/Users/steven/Documents/As-a-Man-Thinketh/AS_A_MAN_THINKETH_pdf_assessment","Documentation","As a Man Thinketh PDF assessment content"
"/Users/steven/Documents/As-a-Man-Thinketh/AS_A_MAN_THINKETH_pdf_analysis","PDF Analysis","/Users/steven/Documents/As-a-Man-Thinketh/AS_A_MAN_THINKETH_pdf_analysis","Documentation","As a Man Thinketh PDF analysis content"
"/Users/steven/Documents/As-a-Man-Thinketh/AS_A_MAN_THINKETH_pdf_insight","PDF Insight","/Users/steven/Documents/As-a-Man-Thinketh/AS_A_MAN_THINKETH_pdf_insight","Documentation","As a Man Thinketh PDF insight content"
"/Users/steven/Documents/As-a-Man-Thinketh/AS_A_MAN_THINKETH_pdf_strategy","PDF Strategy","/Users/steven/Documents/As-a-Man-Thinketh/AS_A_MAN_THINKETH_pdf_strategy","Documentation","As a Man Thinketh PDF strategy content"
"/Users/steven/Documents/As-a-Man-Thinketh/AS_A_MAN_THINKETH_pdf_plan","PDF Plan","/Users/steven/Documents/As-a-Man-Thinketh/AS_A_MAN_THINKETH_pdf_plan","Documentation","As a Man Thinketh PDF plan content"
"/Users/steven/Documents/As-a-Man-Thinketh/AS_A_MAN_THINKETH_pdf_proposal","PDF Proposal","/Users/steven/Documents/As-a-Man-Thinketh/AS_A_MAN_THINKETH_pdf_proposal","Documentation","As a Man Thinketh PDF proposal content"
"/Users/steven/Documents/As-a-Man-Thinketh/AS_A_MAN_THINKETH_pdf_agreement","PDF Agreement","/Users/steven/Documents/As-a-Man-Thinketh/AS_A_MAN_THINKETH_pdf_agreement","Documentation","As a Man Thinketh PDF agreement content"
"/Users/steven/Documents/As-a-Man-Thinketh/AS_A_MAN_THINKETH_pdf_contract","PDF Contract","/Users/steven/Documents/As-a-Man-Thinketh/AS_A_MAN_THINKETH_pdf_contract","Documentation","As a Man Thinketh PDF contract content"
"/Users/steven/Documents/As-a-Man-Thinketh/AS_A_MAN_THINKETH_pdf_license","PDF License","/Users/steven/Documents/As-a-Man-Thinketh/AS_A_MAN_THINKETH_pdf_license","Documentation","As a Man Thinketh PDF license content"
"/Users/steven/Documents/As-a-Man-Thinketh/AS_A_MAN_THINKETH_pdf_policy","PDF Policy","/Users/steven/Documents/As-a-Man-Thinketh/AS_A_MAN_THINKETH_pdf_policy","Documentation","As a Man Thinketh PDF policy content"
"/Users/steven/Documents/As-a-Man-Thinketh/AS_A_MAN_THINKETH_pdf_procedure","PDF Procedure","/Users/steven/Documents/As-a-Man-Thinketh/AS_A_MAN_THINKETH_pdf_procedure","Documentation","As a Man Thinketh PDF procedure content"
"/Users/steven/Documents/As-a-Man-Thinketh/AS_A_MAN_THINKETH_pdf_guideline","PDF Guideline","/Users/steven/Documents/As-a-Man-Thinketh/AS_A_MAN_THINKETH_pdf_guideline","Documentation","As a Man Thinketh PDF guideline content"
"/Users/steven/Documents/As-a-Man-Thinketh/AS_A_MAN_THINKETH_pdf_standard","PDF Standard","/Users/steven/Documents/As-a-Man-Thinketh/AS_A_MAN_THINKETH_pdf_standard","Documentation","As a Man Thinketh PDF standard content"
"/Users/steven/Documents/As-a-Man-Thinketh/AS_A_MAN_THINKETH_pdf_regulation","PDF Regulation","/Users/steven/Documents/As-a-Man-Thinketh/AS_A_MAN_THINKETH_pdf_regulation","Documentation","As a Man Thinketh PDF regulation content"
"/Users/steven/Documents/As-a-Man-Thinketh/AS_A_MAN_THINKETH_pdf_compliance","PDF Compliance","/Users/steven/Documents/As-a-Man-Thinketh/AS_A_MAN_THINKETH_pdf_compliance","Documentation","As a Man Thinketh PDF compliance content"
"/Users/steven/Documents/As-a-Man-Thinketh/AS_A_MAN_THINKETH_pdf_security","PDF Security","/Users/steven/Documents/As-a-Man-Thinketh/AS_A_MAN_THINKETH_pdf_security","Documentation","As a Man Thinketh PDF security content"
"/Users/steven/Documents/As-a-Man-Thinketh/AS_A_MAN_THINKETH_pdf_privacy","PDF Privacy","/Users/steven/Documents/As-a-Man-Thinketh/AS_A_MAN_THINKETH_pdf_privacy","Documentation","As a Man Thinketh PDF privacy content"
"/Users/steven/Documents/As-a-Man-Thinketh/AS_A_MAN_THINKETH_pdf_ethics","PDF Ethics","/Users/steven/Documents/As-a-Man-Thinketh/AS_A_MAN_THINKETH_pdf_ethics","Documentation","As a Man Thinketh PDF ethics content"
"/Users/steven/Documents/As-a-Man-Thinketh/AS_A_MAN_THINKETH_pdf_governance","PDF Governance","/Users/steven/Documents/As-a-Man-Thinketh/AS_A_MAN_THINKETH_pdf_governance","Documentation","As a Man Thinketh PDF governance content"
"/Users/steven/Documents/As-a-Man-Thinketh/AS_A_MAN_THINKETH_pdf_management","PDF Management","/Users/steven/Documents/As-a-Man-Thinketh/AS_A_MAN_THINKETH_pdf_management","Documentation","As a Man Thinketh PDF management content"
"/Users/steven/Documents/As-a-Man-Thinketh/AS_A_MAN_THINKETH_pdf_administration","PDF Administration","/Users/steven/Documents/As-a-Man-Thinketh/AS_A_MAN_THINKETH_pdf_administration","Documentation","As a Man Thinketh PDF administration content"
"/Users/steven/Documents/As-a-Man-Thinketh/AS_A_MAN_THINKETH_pdf_operation","PDF Operation","/Users/steven/Documents/As-a-Man-Thinketh/AS_A_MAN_THINKETH_pdf_operation","Documentation","As a Man Thinketh PDF operation content"
"/Users/steven/Documents/As-a-Man-Thinketh/AS_A_MAN_THINKETH_pdf_process","PDF Process","/Users/steven/Documents/As-a-Man-Thinketh/AS_A_MAN_THINKETH_pdf_process","Documentation","As a Man Thinketh PDF process content"
"/Users/steven/Documents/As-a-Man-Thinketh/AS_A_MAN_THINKETH_pdf_workflow","PDF Workflow","/Users/steven/Documents/As-a-Man-Thinketh/AS_A_MAN_THINKETH_pdf_workflow","Documentation","As a Man Thinketh PDF workflow content"
"/Users/steven/Documents/As-a-Man-Thinketh/AS_A_MAN_THINKETH_pdf_methodology","PDF Methodology","/Users/steven/Documents/As-a-Man-Thinketh/AS_A_MAN_THINKETH_pdf_methodology","Documentation","As a Man Thinketh PDF methodology content"
"/Users/steven/Documents/As-a-Man-Thinketh/AS_A_MAN_THINKETH_pdf_technique","PDF Technique","/Users/steven/Documents/As-a-Man-Thinketh/AS_A_MAN_THINKETH_pdf_technique","Documentation","As a Man Thinketh PDF technique content"
"/Users/steven/Documents/As-a-Man-Thinketh/AS_A_MAN_THINKETH_pdf_approach","PDF Approach","/Users/steven/Documents/As-a-Man-Thinketh/AS_A_MAN_THINKETH_pdf_approach","Documentation","As a Man Thinketh PDF approach content"
"/Users/steven/Documents/As-a-Man-Thinketh/AS_A_MAN_THINKETH_pdf_framework","PDF Framework","/Users/steven/Documents/As-a-Man-Thinketh/AS_A_MAN_THINKETH_pdf_framework","Documentation","As a Man Thinketh PDF framework content"
"/Users/steven/Documents/As-a-Man-Thinketh/AS_A_MAN_THINKETH_pdf_model","PDF Model","/Users/steven/Documents/As-a-Man-Thinketh/AS_A_MAN_THINKETH_pdf_model","Documentation","As a Man Thinketh PDF model content"
"/Users/steven/Documents/As-a-Man-Thinketh/AS_A_MAN_THINKETH_pdf_theory","PDF Theory","/Users/steven/Documents/As-a-Man-Thinketh/AS_A_MAN_THINKETH_pdf_theory","Documentation","As a Man Thinketh PDF theory content"
"/Users/steven/Documents/As-a-Man-Thinketh/AS_A_MAN_THINKETH_pdf_principle","PDF Principle","/Users/steven/Documents/As-a-Man-Thinketh/AS_A_MAN_THINKETH_pdf_principle","Documentation","As a Man Thinketh PDF principle content"
"/Users/steven/Documents/As-a-Man-Thinketh/AS_A_MAN_THINKETH_pdf_concept","PDF Concept","/Users/steven/Documents/As-a-Man-Thinketh/AS_A_MAN_THINKETH_pdf_concept","Documentation","As a Man Thinketh PDF concept content"
"/Users/steven/Documents/As-a-Man-Thinketh/AS_A_MAN_THINKETH_pdf_definition","PDF Definition","/Users/steven/Documents/As-a-Man-Thinketh/AS_A_MAN_THINKETH_pdf_definition","Documentation","As a Man Thinketh PDF definition content"
"/Users/steven/Documents/As-a-Man-Thinketh/AS_A_MAN_THINKETH_pdf_term","PDF Term","/Users/steven/Documents/As-a-Man-Thinketh/AS_A_MAN_THINKETH_pdf_term","Documentation","As a Man Thinketh PDF term content"
"/Users/steven/Documents/As-a-Man-Thinketh/AS_A_MAN_THINKETH_pdf_glossary","PDF Glossary","/Users/steven/Documents/As-a-Man-Thinketh/AS_A_MAN_THINKETH_pdf_glossary","Documentation","As a Man Thinketh PDF glossary content"
"/Users/steven/Documents/As-a-Man-Thinketh/AS_A_MAN_THINKETH_pdf_dictionary","PDF Dictionary","/Users/steven/Documents/As-a-Man-Thinketh/AS_A_MAN_THINKETH_pdf_dictionary","Documentation","As a Man Thinketh PDF dictionary content"
"/Users/steven/Documents/As-a-Man-Thinketh/AS_A_MAN_THINKETH_pdf_synonym","PDF Synonym","/Users/steven/Documents/As-a-Man-Thinketh/AS_A_MAN_THINKETH_pdf_synonym","Documentation","As a Man Thinketh PDF synonym content"
"/Users/steven/Documents/As-a-Man-Thinketh/AS_A_MAN_THINKETH_pdf_antonym","PDF Antonym","/Users/steven/Documents/As-a-Man-Thinketh/AS_A_MAN_THINKETH_pdf_antonym","Documentation","As a Man Thinketh PDF antonym content"
"/Users/steven/Documents/As-a-Man-Thinketh/AS_A_MAN_THINKETH_pdf_homonym","PDF Homonym","/Users/steven/Documents/As-a-Man-Thinketh/AS_A_MAN_THINKETH_pdf_homonym","Documentation","As a Man Thinketh PDF homonym content"
"/Users/steven/Documents/As-a-Man-Thinketh/AS_A_MAN_THINKETH_pdf_homophone","PDF Homophone","/Users/steven/Documents/As-a-Man-Thinketh/AS_A_MAN_THINKETH_pdf_homophone","Documentation","As a Man Thinketh PDF homophone content"
"/Users/steven/Documents/As-a-Man-Thinketh/AS_A_MAN_THINKETH_pdf_heteronym","PDF Heteronym","/Users/steven/Documents/As-a-Man-Thinketh/AS_A_MAN_THINKETH_pdf_heteronym","Documentation","As a Man Thinketh PDF heteronym content"
"/Users/steven/Documents/As-a-Man-Thinketh/AS_A_MAN_THINKETH_pdf_acronym","PDF Acronym","/Users/steven/Documents/As-a-Man-Thinketh/AS_A_MAN_THINKETH_pdf_acronym","Documentation","As a Man Thinketh PDF acronym content"
"/Users/steven/Documents/As-a-Man-Thinketh/AS_A_MAN_THINKETH_pdf_abbreviation","PDF Abbreviation","/Users/steven/Documents/As-a-Man-Thinketh/AS_A_MAN_THINKETH_pdf_abbreviation","Documentation","As a Man Thinketh PDF abbreviation content"
"/Users/steven/Documents/As-a-Man-Thinketh/AS_A_MAN_THINKETH_pdf_initialism","PDF Initialism","/Users/steven/Documents/As-a-Man-Thinketh/AS_A_MAN_THINKETH_pdf_initialism","Documentation","As a Man Thinketh PDF initialism content"
"/Users/steven/Documents/As-a-Man-Thinketh/AS_A_MAN_THINKETH_pdf_symbol","PDF Symbol","/Users/steven/Documents/As-a-Man-Thinketh/AS_A_MAN_THINKETH_pdf_symbol","Documentation","As a Man Thinketh PDF symbol content"
"/Users/steven/Documents/As-a-Man-Thinketh/AS_A_MAN_THINKETH_pdf_icon","PDF Icon","/Users/steven/Documents/As-a-Man-Thinketh/AS_A_MAN_THINKETH_pdf_icon","Documentation","As a Man Thinketh PDF icon content"
"/Users/steven/Documents/As-a-Man-Thinketh/AS_A_MAN_THINKETH_pdf_emoticon","PDF Emoticon","/Users/steven/Documents/As-a-Man-Thinketh/AS_A_MAN_THINKETH_pdf_emoticon","Documentation","As a Man Thinketh PDF emoticon content"
"/Users/steven/Documents/As-a-Man-Thinketh/AS_A_MAN_THINKETH_pdf_emoji","PDF Emoji","/Users/steven/Documents/As-a-Man-Thinketh/AS_A_MAN_THINKETH_pdf_emoji","Documentation","As a Man Thinketh PDF emoji content"
"/Users/steven/Documents/As-a-Man-Thinketh/AS_A_MAN_THINKETH_pdf_punctuation","PDF Punctuation","/Users/steven/Documents/As-a-Man-Thinketh/AS_A_MAN_THINKETH_pdf_punctuation","Documentation","As a Man Thinketh PDF punctuation content"
"/Users/steven/Documents/As-a-Man-Thinketh/AS_A_MAN_THINKETH_pdf_grammar","PDF Grammar","/Users/steven/Documents/As-a-Man-Thinketh/AS_A_MAN_THINKETH_pdf_grammar","Documentation","As a Man Thinketh PDF grammar content"
"/Users/steven/Documents/As-a-Man-Thinketh/AS_A_MAN_THINKETH_pdf_syntax","PDF Syntax","/Users/steven/Documents/As-a-Man-Thinketh/AS_A_MAN_THINKETH_pdf_syntax","Documentation","As a Man Thinketh PDF syntax content"
"/Users/steven/Documents/As-a-Man-Thinketh/AS_A_MAN_THINKETH_pdf_semantics","PDF Semantics","/Users/steven/Documents/As-a-Man-Thinketh/AS_A_MAN_THINKETH_pdf_semantics","Documentation","As a Man Thinketh PDF semantics content"
"/Users/steven/Documents/As-a-Man-Thinketh/AS_A_MAN_THINKETH_pdf_pragmatics","PDF Pragmatics","/Users/steven/Documents/As-a-Man-Thinketh/AS_A_MAN_THINKETH_pdf_pragmatics","Documentation","As a Man Thinketh PDF pragmatics content"
"/Users/steven/Documents/As-a-Man-Thinketh/AS_A_MAN_THINKETH_pdf_discourse","PDF Discourse","/Users/steven/Documents/As-a-Man-Thinketh/AS_A_MAN_THINKETH_pdf_discourse","Documentation","As a Man Thinketh PDF discourse content"
"/Users/steven/Documents/As-a-Man-Thinketh/AS_A_MAN_THINKETH_pdf_narrative","PDF Narrative","/Users/steven/Documents/As-a-Man-Thinketh/AS_A_MAN_THINKETH_pdf_narrative","Documentation","As a Man Thinketh PDF narrative content"
"/Users/steven/Documents/As-a-Man-Thinketh/AS_A_MAN_THINKETH_pdf_story","PDF Story","/Users/steven/Documents/As-a-Man-Thinketh/AS_A_MAN_THINKETH_pdf_story","Documentation","As a Man Thinketh PDF story content"
"/Users/steven/Documents/As-a-Man-Thinketh/AS_A_MAN_THINKETH_pdf_plot","PDF Plot","/Users/steven/Documents/As-a-Man-Thinketh/AS_A_MAN_THINKETH_pdf_plot","Documentation","As a Man Thinketh PDF plot content"
"/Users/steven/Documents/As-a-Man-Thinketh/AS_A_MAN_THINKETH_pdf_character","PDF Character","/Users/steven/Documents/As-a-Man-Thinketh/AS_A_MAN_THINKETH_pdf_character","Documentation","As a Man Thinketh PDF character content"
"/Users/steven/Documents/As-a-Man-Thinketh/AS_A_MAN_THINKETH_pdf_setting","PDF Setting","/Users/steven/Documents/As-a-Man-Thinketh/AS_A_MAN_THINKETH_pdf_setting","Documentation","As a Man Thinketh PDF setting content"
"/Users/steven/Documents/As-a-Man-Thinketh/AS_A_MAN_THINKETH_pdf_theme","PDF Theme","/Users/steven/Documents/As-a-Man-Thinketh/AS_A_MAN_THINKETH_pdf_theme","Documentation","As a Man Thinketh PDF theme content"
"/Users/steven/Documents/As-a-Man-Thinketh/AS_A_MAN_THINKETH_pdf_conflict","PDF Conflict","/Users/steven/Documents/As-a-Man-Thinketh/AS_A_MAN_THINKETH_pdf_conflict","Documentation","As a Man Thinketh PDF conflict content"
"/Users/steven/Documents/As-a-Man-Thinketh/AS_A_MAN_THINKETH_pdf_resolution","PDF Resolution","/Users/steven/Documents/As-a-Man-Thinketh/AS_A_MAN_THINKETH_pdf_resolution","Documentation","As a Man Thinketh PDF resolution content"
"/Users/steven/Documents/As-a-Man-Thinketh/AS_A_MAN_THINKETH_pdf_climax","PDF Climax","/Users/steven/Documents/As-a-Man-Thinketh/AS_A_MAN_THINKETH_pdf_climax","Documentation","As a Man Thinketh PDF climax content"
"/Users/steven/Documents/As-a-Man-Thinketh/AS_A_MAN_THINKETH_pdf_falling_action","PDF Falling Action","/Users/steven/Documents/As-a-Man-Thinketh/AS_A_MAN_THINKETH_pdf_falling_action","Documentation","As a Man Thinketh PDF falling action content"
"/Users/steven/Documents/As-a-Man-Thinketh/AS_A_MAN_THINKETH_pdf_denouement","PDF Denouement","/Users/steven/Documents/As-a-Man-Thinketh/AS_A_MAN_THINKETH_pdf_denouement","Documentation","As a Man Thinketh PDF denouement content"
"/Users/steven/Documents/As-a-Man-Thinketh/AS_A_MAN_THINKETH_pdf_exposition","PDF Exposition","/Users/steven/Documents/As-a-Man-Thinketh/AS_A_MAN_THINKETH_pdf_exposition","Documentation","As a Man Thinketh PDF exposition content"
"/Users/steven/Documents/As-a-Man-Thinketh/AS_A_MAN_THINKETH_pdf_rising_action","PDF Rising Action","/Users/steven/Documents/As-a-Man-Thinketh/AS_A_MAN_THINKETH_pdf_rising_action","Documentation","As a Man Thinketh PDF rising action content"
"/Users/steven/Documents/As-a-Man-Thinketh/AS_A_MAN_THINKETH_pdf_comedy","PDF Comedy","/Users/steven/Documents/As-a-Man-Thinketh/AS_A_MAN_THINKETH_pdf_comedy","Documentation","As a Man Thinketh PDF comedy content"
"/Users/steven/Documents/As-a-Man-Thinketh/AS_A_MAN_THINKETH_pdf_tragedy","PDF Tragedy","/Users/steven/Documents/As-a-Man-Thinketh/AS_A_MAN_THINKETH_pdf_tragedy","Documentation","As a Man Thinketh PDF tragedy content"
"/Users/steven/Documents/As-a-Man-Thinketh/AS_A_MAN_THINKETH_pdf_drama","PDF Drama","/Users/steven/Documents/As-a-Man-Thinketh/AS_A_MAN_THINKETH_pdf_drama","Documentation","As a Man Thinketh PDF drama content"
"/Users/steven/Documents/As-a-Man-Thinketh/AS_A_MAN_THINKETH_pdf_romance","PDF Romance","/Users/steven/Documents/As-a-Man-Thinketh/AS_A_MAN_THINKETH_pdf_romance","Documentation","As a Man Thinketh PDF romance content"
"/Users/steven/Documents/As-a-Man-Thinketh/AS_A_MAN_THINKETH_pdf_adventure","PDF Adventure","/Users/steven/Documents/As-a-Man-Thinketh/AS_A_MAN_THINKETH_pdf_adventure","Documentation","As a Man Thinketh PDF adventure content"
"/Users/steven/Documents/As-a-Man-Thinketh/AS_A_MAN_THINKETH_pdf_mystery","PDF Mystery","/Users/steven/Documents/As-a-Man-Thinketh/AS_A_MAN_THINKETH_pdf_mystery","Documentation","As a Man Thinketh PDF mystery content"
"/Users/steven/Documents/As-a-Man-Thinketh/AS_A_MAN_THINKETH_pdf_horror","PDF Horror","/Users/steven/Documents/As-a-Man-Thinketh/AS_A_MAN_THINKETH_pdf_horror","Documentation","As a Man Thinketh PDF horror content"
"/Users/steven/Documents/As-a-Man-Thinketh/AS_A_MAN_THINKETH_pdf_fantasy","PDF Fantasy","/Users/steven/Documents/As-a-Man-Thinketh/AS_A_MAN_THINKETH_pdf_fantasy","Documentation","As a Man Thinketh PDF fantasy content"
"/Users/steven/Documents/As-a-Man-Thinketh/AS_A_MAN_THINKETH_pdf_science_fiction","PDF Science Fiction","/Users/steven/Documents/As-a-Man-Thinketh/AS_A_MAN_THINKETH_pdf_science_fiction","Documentation","As a Man Thinketh PDF science fiction content"
"/Users/steven/Documents/As-a-Man-Thinketh/AS_A_MAN_THINKETH_pdf_thriller","PDF Thriller","/Users/steven/Documents/As-a-Man-Thinketh/AS_A_MAN_THINKETH_pdf_thriller","Documentation","As a Man Thinketh PDF thriller content"
"/Users/steven/Documents/As-a-Man-Thinketh/AS_A_MAN_THINKETH_pdf_western","PDF Western","/Users/steven/Documents/As-a-Man-Thinketh/AS_A_MAN_THINKETH_pdf_western","Documentation","As a Man Thinketh PDF western content"
"/Users/steven/Documents/As-a-Man-Thinketh/AS_A_MAN_THINKETH_pdf_biography","PDF Biography","/Users/steven/Documents/As-a-Man-Thinketh/AS_A_MAN_THINKETH_pdf_biography","Documentation","As a Man Thinketh PDF biography content"
"/Users/steven/Documents/As-a-Man-Thinketh/AS_A_MAN_THINKETH_pdf_autobiography","PDF Autobiography","/Users/steven/Documents/As-a-Man-Thinketh/AS_A_MAN_THINKETH_pdf_autobiography","Documentation","As a Man Thinketh PDF autobiography content"
"/Users/steven/Documents/As-a-Man-Thinketh/AS_A_MAN_THINKETH_pdf_memoir","PDF Memoir","/Users/steven/Documents/As-a-Man-Thinketh/AS_A_MAN_THINKETH_pdf_memoir","Documentation","As a Man Thinketh PDF memoir content"
"/Users/steven/Documents/As-a-Man-Thinketh/AS_A_MAN_THINKETH_pdf_history","PDF History","/Users/steven/Documents/As-a-Man-Thinketh/AS_A_MAN_THINKETH_pdf_history","Documentation","As a Man Thinketh PDF history content"
"/Users/steven/Documents/As-a-Man-Thinketh/AS_A_MAN_THINKETH_pdf_philosophy","PDF Philosophy","/Users/steven/Documents/As-a-Man-Thinketh/AS_A_MAN_THINKETH_pdf_philosophy","Documentation","As a Man Thinketh PDF philosophy content"
"/Users/steven/Documents/As-a-Man-Thinketh/AS_A_MAN_THINKETH_pdf_psychology","PDF Psychology","/Users/steven/Documents/As-a-Man-Thinketh/AS_A_MAN_THINKETH_pdf_psychology","Documentation","As a Man Thinketh PDF psychology content"
"/Users/steven/Documents/As-a-Man-Thinketh/AS_A_MAN_THINKETH_pdf_sociology","PDF Sociology","/Users/steven/Documents/As-a-Man-Thinketh/AS_A_MAN_THINKETH_pdf_sociology","Documentation","As a Man Thinketh PDF sociology content"
"/Users/steven/Documents/As-a-Man-Thinketh/AS_A_MAN_THINKETH_pdf_politics","PDF Politics","/Users/steven/Documents/As-a-Man-Thinketh/AS_A_MAN_THINKETH_pdf_politics","Documentation","As a Man Thinketh PDF politics content"
"/Users/steven/Documents/As-a-Man-Thinketh/AS_A_MAN_THINKETH_pdf_economics","PDF Economics","/Users/steven/Documents/As-a-Man-Thinketh/AS_A_MAN_THINKETH_pdf_economics","Documentation","As a Man Thinketh PDF economics content"
"/Users/steven/Documents/As-a-Man-Thinketh/AS_A_MAN_THINKETH_pdf_business","PDF Business","/Users/steven/Documents/As-a-Man-Thinketh/AS_A_MAN_THINKETH_pdf_business","Documentation","As a Man Thinketh PDF business content"
"/Users/steven/Documents/As-a-Man-Thinketh/AS_A_MAN_THINKETH_pdf_marketing","PDF Marketing","/Users/steven/Documents/As-a-Man-Thinketh/AS_A_MAN_THINKETH_pdf_marketing","Documentation","As a Man Thinketh PDF marketing content"
"/Users/steven/Documents/As-a-Man-Thinketh/AS_A_MAN_THINKETH_pdf_sales","PDF Sales","/Users/steven/Documents/As-a-Man-Thinketh/AS_A_MAN_THINKETH_pdf_sales","Documentation","As a Man Thinketh PDF sales content"
"/Users/steven/Documents/As-a-Man-Thinketh/AS_A_MAN_THINKETH_pdf_finance","PDF Finance","/Users/steven/Documents/As-a-Man-Thinketh/AS_A_MAN_THINKETH_pdf_finance","Documentation","As a Man Thinketh PDF finance content"
"/Users/steven/Documents/As-a-Man-Thinketh/AS_A_MAN_THINKETH_pdf_investment","PDF Investment","/Users/steven/Documents/As-a-Man-Thinketh/AS_A_MAN_THINKETH_pdf_investment","Documentation","As a Man Thinketh PDF investment content"
"/Users/steven/Documents/As-a-Man-Thinketh/AS_A_MAN_THINKETH_pdf_accounting","PDF Accounting","/Users/steven/Documents/As-a-Man-Thinketh/AS_A_MAN_THINKETH_pdf_accounting","Documentation","As a Man Thinketh PDF accounting content"
"/Users/steven/Documents/As-a-Man-Thinketh/AS_A_MAN_THINKETH_pdf_management","PDF Management","/Users/steven/Documents/As-a-Man-Thinketh/AS_A_MAN_THINKETH_pdf_management","Documentation","As a Man Thinketh PDF management content"
"/Users/steven/Documents/As-a-Man-Thinketh/AS_A_MAN_THINKETH_pdf_leadership","PDF Leadership","/Users/steven/Documents/As-a-Man-Thinketh/AS_A_MAN_THINKETH_pdf_leadership","Documentation","As a Man Thinketh PDF leadership content"
"/Users/steven/Documents/As-a-Man-Thinketh/AS_A_MAN_THINKETH_pdf_education","PDF Education","/Users/steven/Documents/As-a-Man-Thinketh/AS_A_MAN_THINKETH_pdf_education","Documentation","As a Man Thinketh PDF education content"
"/Users/steven/Documents/As-a-Man-Thinketh/AS_A_MAN_THINKETH_pdf_research","PDF Research","/Users/steven/Documents/As-a-Man-Thinketh/AS_A_MAN_THINKETH_pdf_research","Documentation","As a Man Thinketh PDF research content"
"/Users/steven/Documents/As-a-Man-Thinketh/AS_A_MAN_THINKETH_pdf_academic","PDF Academic","/Users/steven/Documents/As-a-Man-Thinketh/AS_A_MAN_THINKETH_pdf_academic","Documentation","As a Man Thinketh PDF academic content"
"/Users/steven/Documents/As-a-Man-Thinketh/AS_A_MAN_THINKETH_pdf_scientific","PDF Scientific","/Users/steven/Documents/As-a-Man-Thinketh/AS_A_MAN_THINKETH_pdf_scientific","Documentation","As a Man Thinketh PDF scientific content"
"/Users/steven/Documents/As-a-Man-Thinketh/AS_A_MAN_THINKETH_pdf_technical","PDF Technical","/Users/steven/Documents/As-a-Man-Thinketh/AS_A_MAN_THINKETH_pdf_technical","Documentation","As a Man Thinketh PDF technical content"
"/Users/steven/Documents/As-a-Man-Thinketh/AS_A_MAN_THINKETH_pdf_engineering","PDF Engineering","/Users/steven/Documents/As-a-Man-Thinketh/AS_A_MAN_THINKETH_pdf_engineering","Documentation","As a Man Thinketh PDF engineering content"
"/Users/steven/Documents/As-a-Man-Thinketh/AS_A_MAN_THINKETH_pdf_computer_science","PDF Computer Science","/Users/steven/Documents/As-a-Man-Thinketh/AS_A_MAN_THINKETH_pdf_computer_science","Documentation","As a Man Thinketh PDF computer science content"
"/Users/steven/Documents/As-a-Man-Thinketh/AS_A_MAN_THINKETH_pdf_mathematics","PDF Mathematics","/Users/steven/Documents/As-a-Man-Thinketh/AS_A_MAN_THINKETH_pdf_mathematics","Documentation","As a Man Thinketh PDF mathematics content"
"/Users/steven/Documents/As-a-Man-Thinketh/AS_A_MAN_THINKETH_pdf_physics","PDF Physics","/Users/steven/Documents/As-a-Man-Thinketh/AS_A_MAN_THINKETH_pdf_physics","Documentation","As a Man Thinketh PDF physics content"
"/Users/steven/Documents/As-a-Man-Thinketh/AS_A_MAN_THINKETH_pdf_chemistry","PDF Chemistry","/Users/steven/Documents/As-a-Man-Thinketh/AS_A_MAN_THINKETH_pdf_chemistry","Documentation","As a Man Thinketh PDF chemistry content"
"/Users/steven/Documents/As-a-Man-Thinketh/AS_A_MAN_THINKETH_pdf_biology","PDF Biology","/Users/steven/Documents/As-a-Man-Thinketh/AS_A_MAN_THINKETH_pdf_biology","Documentation","As a Man Thinketh PDF biology content"
"/Users/steven/Documents/As-a-Man-Thinketh/AS_A_MAN_THINKETH_pdf_medicine","PDF Medicine","/Users/steven/Documents/As-a-Man-Thinketh/AS_A_MAN_THINKETH_pdf_medicine","Documentation","As a Man Thinketh PDF medicine content"
"/Users/steven/Documents/As-a-Man-Thinketh/AS_A_MAN_THINKETH_pdf_health","PDF Health","/Users/steven/Documents/As-a-Man-Thinketh/AS_A_MAN_THINKETH_pdf_health","Documentation","As a Man Thinketh PDF health content"
"/Users/steven/Documents/As-a-Man-Thinketh/AS_A_MAN_THINKETH_pdf_fitness","PDF Fitness","/Users/steven/Documents/As-a-Man-Thinketh/AS_A_MAN_THINKETH_pdf_fitness","Documentation","As a Man Thinketh PDF fitness content"
"/Users/steven/Documents/As-a-Man-Thinketh/AS_A_MAN_THINKETH_pdf_nutrition","PDF Nutrition","/Users/steven/Documents/As-a-Man-Thinketh/AS_A_MAN_THINKETH_pdf_nutrition","Documentation","As a Man Thinketh PDF nutrition content"
"/Users/steven/Documents/As-a-Man-Thinketh/AS_A_MAN_THINKETH_pdf_sport","PDF Sport","/Users/steven/Documents/As-a-Man-Thinketh/AS_A_MAN_THINKETH_pdf_sport","Documentation","As a Man Thinketh PDF sport content"
"/Users/steven/Documents/As-a-Man-Thinketh/AS_A_MAN_THINKETH_pdf_recreation","PDF Recreation","/Users/steven/Documents/As-a-Man-Thinketh/AS_A_MAN_THINKETH_pdf_recreation","Documentation","As a Man Thinketh PDF recreation content"
"/Users/steven/Documents/As-a-Man-Thinketh/AS_A_MAN_THINKETH_pdf_travel","PDF Travel","/Users/steven/Documents/As-a-Man-Thinketh/AS_A_MAN_THINKETH_pdf_travel","Documentation","As a Man Thinketh PDF travel content"
"/Users/steven/Documents/As-a-Man-Thinketh/AS_A_MAN_THINKETH_pdf_food","PDF Food","/Users/steven/Documents/As-a-Man-Thinketh/AS_A_MAN_THINKETH_pdf_food","Documentation","As a Man Thinketh PDF food content"
"/Users/steven/Documents/As-a-Man-Thinketh/AS_A_MAN_THINKETH_pdf_cooking","PDF Cooking","/Users/steven/Documents/As-a-Man-Thinketh/AS_A_MAN_THINKETH_pdf_cooking","Documentation","As a Man Thinketh PDF cooking content"
"/Users/steven/Documents/As-a-Man-Thinketh/AS_A_MAN_THINKETH_pdf_recipe","PDF Recipe","/Users/steven/Documents/As-a-Man-Thinketh/AS_A_MAN_THINKETH_pdf_recipe","Documentation","As a Man Thinketh PDF recipe content"
"/Users/steven/Documents/As-a-Man-Thinketh/AS_A_MAN_THINKETH_pdf_restaurant","PDF Restaurant","/Users/steven/Documents/As-a-Man-Thinketh/AS_A_MAN_THINKETH_pdf_restaurant","Documentation","As a Man Thinketh PDF restaurant content"
"/Users/steven/Documents/As-a-Man-Thinketh/AS_A_MAN_THINKETH_pdf_hotel","PDF Hotel","/Users/steven/Documents/As-a-Man-Thinketh/AS_A_MAN_THINKETH_pdf_hotel","Documentation","As a Man Thinketh PDF hotel content"
"/Users/steven/Documents/As-a-Man-Thinketh/AS_A_MAN_THINKETH_pdf_entertainment","PDF Entertainment","/Users/steven/Documents/As-a-Man-Thinketh/AS_A_MAN_THINKETH_pdf_entertainment","Documentation","As a Man Thinketh PDF entertainment content"
"/Users/steven/Documents/As-a-Man-Thinketh/AS_A_MAN_THINKETH_pdf_music","PDF Music","/Users/steven/Documents/As-a-Man-Thinketh/AS_A_MAN_THINKETH_pdf_music","Documentation","As a Man Thinketh PDF music content"
"/Users/steven/Documents/As-a-Man-Thinketh/AS_A_MAN_THINKETH_pdf_art","PDF Art","/Users/steven/Documents/As-a-Man-Thinketh/AS_A_MAN_THINKETH_pdf_art","Documentation","As a Man Thinketh PDF art content"
"/Users/steven/Documents/As-a-Man-Thinketh/AS_A_MAN_THINKETH_pdf_design","PDF Design","/Users/steven/Documents/As-a-Man-Thinketh/AS_A_MAN_THINKETH_pdf_design","Documentation","As a Man Thinketh PDF design content"
"/Users/steven/Documents/As-a-Man-Thinketh/AS_A_MAN_THINKETH_pdf_photography","PDF Photography","/Users/steven/Documents/As-a-Man-Thinketh/AS_A_MAN_THINKETH_pdf_photography","Documentation","As a Man Thinketh PDF photography content"
"/Users/steven/Documents/As-a-Man-Thinketh/AS_A_MAN_THINKETH_pdf_film","PDF Film","/Users/steven/Documents/As-a-Man-Thinketh/AS_A_MAN_THINKETH_pdf_film","Documentation","As a Man Thinketh PDF film content"
"/Users/steven/Documents/As-a-Man-Thinketh/AS_A_MAN_THINKETH_pdf_theater","PDF Theater","/Users/steven/Documents/As-a-Man-Thinketh/AS_A_MAN_THINKETH_pdf_theater","Documentation","As a Man Thinketh PDF theater content"
"/Users/steven/Documents/As-a-Man-Thinketh/AS_A_MAN_THINKETH_pdf_dance","PDF Dance","/Users/steven/Documents/As-a-Man-Thinketh/AS_A_MAN_THINKETH_pdf_dance","Documentation","As a Man Thinketh PDF dance content"
"/Users/steven/Documents/As-a-Man-Thinketh/AS_A_MAN_THINKETH_pdf_literature","PDF Literature","/Users/steven/Documents/As-a-Man-Thinketh/AS_A_MAN_THINKETH_pdf_literature","Documentation","As a Man Thinketh PDF literature content"
"/Users/steven/Documents/As-a-Man-Thinketh/AS_A_MAN_THINKETH_pdf_poetry","PDF Poetry","/Users/steven/Documents/As-a-Man-Thinketh/AS_A_MAN_THINKETH_pdf_poetry","Documentation","As a Man Thinketh PDF poetry content"
"/Users/steven/Documents/As-a-Man-Thinketh/AS_A_MAN_THINKETH_pdf_fiction","PDF Fiction","/Users/steven/Documents/As-a-Man-Thinketh/AS_A_MAN_THINKETH_pdf_fiction","Documentation","As a Man Thinketh PDF fiction content"
"/Users/steven/Documents/As-a-Man-Thinketh/AS_A_MAN_THINKETH_pdf_non_fiction","PDF Non Fiction","/Users/steven/Documents/As-a-Man-Thinketh/AS_A_MAN_THINKETH_pdf_non_fiction","Documentation","As a Man Thinketh PDF non fiction content"
"/Users/steven/Documents/As-a-Man-Thinketh/AS_A_MAN_THINKETH_pdf_essay","PDF Essay","/Users/steven/Documents/As-a-Man-Thinketh/AS_A_MAN_THINKETH_pdf_essay","Documentation","As a Man Thinketh PDF essay content"
"/Users/steven/Documents/As-a-Man-Thinketh/AS_A_MAN_THINKETH_pdf_article","PDF Article","/Users/steven/Documents/As-a-Man-Thinketh/AS_A_MAN_THINKETH_pdf_article","Documentation","As a Man Thinketh PDF article content"
"/Users/steven/Documents/As-a-Man-Thinketh/AS_A_MAN_THINKETH_pdf_journal","PDF Journal","/Users/steven/Documents/As-a-Man-Thinketh/AS_A_MAN_THINKETH_pdf_journal","Documentation","As a Man Thinketh PDF journal content"
"/Users/steven/Documents/As-a-Man-Thinketh/AS_A_MAN_THINKETH_pdf_magazine","PDF Magazine","/Users/steven/Documents/As-a-Man-Thinketh/AS_A_MAN_THINKETH_pdf_magazine","Documentation","As a Man Thinketh PDF magazine content"
"/Users/steven/Documents/As-a-Man-Thinketh/AS_A_MAN_THINKETH_pdf_newspaper","PDF Newspaper","/Users/steven/Documents/As-a-Man-Thinketh/AS_A_MAN_THINKETH_pdf_newspaper","Documentation","As a Man Thinketh PDF newspaper content"
"/Users/steven/Documents/As-a-Man-Thinketh/AS_A_MAN_THINKETH_pdf_blog","PDF Blog","/Users/steven/Documents/As-a-Man-Thinketh/AS_A_MAN_THINKETH_pdf_blog","Documentation","As a Man Thinketh PDF blog content"
"/Users/steven/Documents/As-a-Man-Thinketh/AS_A_MAN_THINKETH_pdf_website","PDF Website","/Users/steven/Documents/As-a-Man-Thinketh/AS_A_MAN_THINKETH_pdf_website","Documentation","As a Man Thinketh PDF website content"
"/Users/steven/Documents/As-a-Man-Thinketh/AS_A_MAN_THINKETH_pdf_social_media","PDF Social Media","/Users/steven/Documents/As-a-Man-Thinketh/AS_A_MAN_THINKETH_pdf_social_media","Documentation","As a Man Thinketh PDF social media content"
"/Users/steven/Documents/As-a-Man-Thinketh/AS_A_MAN_THINKETH_pdf_networking","PDF Networking","/Users/steven/Documents/As-a-Man-Thinketh/AS_A_MAN_THINKETH_pdf_networking","Documentation","As a Man Thinketh PDF networking content"
"/Users/steven/Documents/As-a-Man-Thinketh/AS_A_MAN_THINKETH_pdf_community","PDF Community","/Users/steven/Documents/As-a-Man-Thinketh/AS_A_MAN_THINKETH_pdf_community","Documentation","As a Man Thinketh PDF community content"
"/Users/steven/Documents/As-a-Man-Thinketh/AS_A_MAN_THINKETH_pdf_forum","PDF Forum","/Users/steven/Documents/As-a-Man-Thinketh/AS_A_MAN_THINKETH_pdf_forum","Documentation","As a Man Thinketh PDF forum content"
"/Users/steven/Documents/As-a-Man-Thinketh/AS_A_MAN_THINKETH_pdf_chat","PDF Chat","/Users/steven/Documents/As-a-Man-Thinketh/AS_A_MAN_THINKETH_pdf_chat","Documentation","As a Man Thinketh PDF chat content"
"/Users/steven/Documents/As-a-Man-Thinketh/AS_A_MAN_THINKETH_pdf_message","PDF Message","/Users/steven/Documents/As-a-Man-Thinketh/AS_A_MAN_THINKETH_pdf_message","Documentation","As a Man Thinketh PDF message content"
"/Users/steven/Documents/As-a-Man-Thinketh/AS_A_MAN_THINKETH_pdf_email","PDF Email","/Users/steven/Documents/As-a-Man-Thinketh/AS_A_MAN_THINKETH_pdf_email","Documentation","As a Man Thinketh PDF email content"
"/Users/steven/Documents/As-a-Man-Thinketh/AS_A_MAN_THINKETH_pdf_letter","PDF Letter","/Users/steven/Documents/As-a-Man-Thinketh/AS_A_MAN_THINKETH_pdf_letter","Documentation","As a Man Thinketh PDF letter content"
"/Users/steven/Documents/As-a-Man-Thinketh/AS_A_MAN_THINKETH_pdf_note","PDF Note","/Users/steven/Documents/As-a-Man-Thinketh/AS_A_MAN_THINKETH_pdf_note","Documentation","As a Man Thinketh PDF note content"
"/Users/steven/Documents/As-a-Man-Thinketh/AS_A_MAN_THINKETH_pdf_memo","PDF Memo","/Users/steven/Documents/As-a-Man-Thinketh/AS_A_MAN_THINKETH_pdf_memo","Documentation","As a Man Thinketh PDF memo content"
"/Users/steven/Documents/As-a-Man-Thinketh/AS_A_MAN_THINKETH_pdf_document","PDF Document","/Users/steven/Documents/As-a-Man-Thinketh/AS_A_MAN_THINKETH_pdf_document","Documentation","As a Man Thinketh PDF document content"
"/Users/steven/Documents/As-a-Man-Thinketh/AS_A_MAN_THINKETH_pdf_file","PDF File","/Users/steven/Documents/As-a-Man-Thinketh/AS_A_MAN_THINKETH_pdf_file","Documentation","As a Man Thinketh PDF file content"
"/Users/steven/Documents/As-a-Man-Thinketh/AS_A_MAN_THINKETH_pdf_record","PDF Record","/Users/steven/Documents/As-a-Man-Thinketh/AS_A_MAN_THINKETH_pdf_record","Documentation","As a Man Thinketh PDF record content"
"/Users/steven/Documents/As-a-Man-Thinketh/AS_A_MAN_THINKETH_pdf_data","PDF Data","/Users/steven/Documents/As-a-Man-Thinketh/AS_A_MAN_THINKETH_pdf_data","Documentation","As a Man Thinketh PDF data content"
"/Users/steven/Documents/As-a-Man-Thinketh/AS_A_MAN_THINKETH_pdf_information","PDF Information","/Users/steven/Documents/As-a-Man-Thinketh/AS_A_MAN_THINKETH_pdf_information","Documentation","As a Man Thinketh PDF information content"
"/Users/steven/Documents/As-a-Man-Thinketh/AS_A_MAN_THINKETH_pdf_knowledge","PDF Knowledge","/Users/steven/Documents/As-a-Man-Thinketh/AS_A_MAN_THINKETH_pdf_knowledge","Documentation","As a Man Thinketh PDF knowledge content"
"/Users/steven/Documents/As-a-Man-Thinketh/AS_A_MAN_THINKETH_pdf_wisdom","PDF Wisdom","/Users/steven/Documents/As-a-Man-Thinketh/AS_A_MAN_THINKETH_pdf_wisdom","Documentation","As a Man Thinketh PDF wisdom content"
"/Users/steven/Documents/As-a-Man-Thinketh/AS_A_MAN_THINKETH_pdf_understanding","PDF Understanding","/Users/steven/Documents/As-a-Man-Thinketh/AS_A_MAN_THINKETH_pdf_understanding","Documentation","As a Man Thinketh PDF understanding content"
"/Users/steven/Documents/As-a-Man-Thinketh/AS_A_MAN_THINKETH_pdf_intelligence","PDF Intelligence","/Users/steven/Documents/As-a-Man-Thinketh/AS_A_MAN_THINKETH_pdf_intelligence","Documentation","As a Man Thinketh PDF intelligence content"
"/Users/steven/Documents/As-a-Man-Thinketh/AS_A_MAN_THINKETH_pdf_consciousness","PDF Consciousness","/Users/steven/Documents/As-a-Man-Thinketh/AS_A_MAN_THINKETH_pdf_consciousness","Documentation","As a Man Thinketh PDF consciousness content"
"/Users/steven/Documents/As-a-Man-Thinketh/AS_A_MAN_THINKETH_pdf_awareness","PDF Awareness","/Users/steven/Documents/As-a-Man-Thinketh/AS_A_MAN_THINKETH_pdf_awareness","Documentation","As a Man Thinketh PDF awareness content"
"/Users/steven/Documents/As-a-Man-Thinketh/AS_A_MAN_THINKETH_pdf_perception","PDF Perception","/Users/steven/Documents/As-a-Man-Thinketh/AS_A_MAN_THINKETH_pdf_perception","Documentation","As a Man Thinketh PDF perception content"
"/Users/steven/Documents/As-a-Man-Thinketh/AS_A_MAN_THINKETH_pdf_thought","PDF Thought","/Users/steven/Documents/As-a-Man-Thinketh/AS_A_MAN_THINKETH_pdf_thought","Documentation","As a Man Thinketh PDF thought content"
"/Users/steven/Documents/As-a-Man-Thinketh/AS_A_MAN_THINKETH_pdf_mind","PDF Mind","/Users/steven/Documents/As-a-Man-Thinketh/AS_A_MAN_THINKETH_pdf_mind","Documentation","As a Man Thinketh PDF mind content"
"/Users/steven/Documents/As-a-Man-Thinketh/AS_A_MAN_THINKETH_pdf_soul","PDF Soul","/Users/steven/Documents/As-a-Man-Thinketh/AS_A_MAN_THINKETH_pdf_soul","Documentation","As a Man Thinketh PDF soul content"
"/Users/steven/Documents/As-a-Man-Thinketh/AS_A_MAN_THINKETH_pdf_spirit","PDF Spirit","/Users/steven/Documents/As-a-Man-Thinketh/AS_A_MAN_THINKETH_pdf_spirit","Documentation","As a Man Thinketh PDF spirit content"
"/Users/steven/Documents/As-a-Man-Thinketh/AS_A_MAN_THINKETH_pdf_heart","PDF Heart","/Users/steven/Documents/As-a-Man-Thinketh/AS_A_MAN_THINKETH_pdf_heart","Documentation","As a Man Thinketh PDF heart content"
"/Users/steven/Documents/As-a-Man-Thinketh/AS_A_MAN_THINKETH_pdf_love","PDF Love","/Users/steven/Documents/As-a-Man-Thinketh/AS_A_MAN_THINKETH_pdf_love","Documentation","As a Man Thinketh PDF love content"
"/Users/steven/Documents/As-a-Man-Thinketh/AS_A_MAN_THINKETH_pdf_passion","PDF Passion","/Users/steven/Documents/As-a-Man-Thinketh/AS_A_MAN_THINKETH_pdf_passion","Documentation","As a Man Thinketh PDF passion content"
"/Users/steven/Documents/As-a-Man-Thinketh/AS_A_MAN_THINKETH_pdf_desire","PDF Desire","/Users/steven/Documents/As-a-Man-Thinketh/AS_A_MAN_THINKETH_pdf_desire","Documentation","As a Man Thinketh PDF desire content"
"/Users/steven/Documents/As-a-Man-Thinketh/AS_A_MAN_THINKETH_pdf_motivation","PDF Motivation","/Users/steven/Documents/As-a-Man-Thinketh/AS_A_MAN_THINKETH_pdf_motivation","Documentation","As a Man Thinketh PDF motivation content"
"/Users/steven/Documents/As-a-Man-Thinketh/AS_A_MAN_THINKETH_pdf_goal","PDF Goal","/Users/steven/Documents/As-a-Man-Thinketh/AS_A_MAN_THINKETH_pdf_goal","Documentation","As a Man Thinketh PDF goal content"
"/Users/steven/Documents/As-a-Man-Thinketh/AS_A_MAN_THINKETH_pdf_objective","PDF Objective","/Users/steven/Documents/As-a-Man-Thinketh/AS_A_MAN_THINKETH_pdf_objective","Documentation","As a Man Thinketh PDF objective content"
"/Users/steven/Documents/As-a-Man-Thinketh/AS_A_MAN_THINKETH_pdf_vision","PDF Vision","/Users/steven/Documents/As-a-Man-Thinketh/AS_A_MAN_THINKETH_pdf_vision","Documentation","As a Man Thinketh PDF vision content"
"/Users/steven/Documents/As-a-Man-Thinketh/AS_A_MAN_THINKETH_pdf_mission","PDF Mission","/Users/steven/Documents/As-a-Man-Thinketh/AS_A_MAN_THINKETH_pdf_mission","Documentation","As a Man Thinketh PDF mission content"
"/Users/steven/Documents/As-a-Man-Thinketh/AS_A_MAN_THINKETH_pdf_strategy","PDF Strategy","/Users/steven/Documents/As-a-Man-Thinketh/AS_A_MAN_THINKETH_pdf_strategy","Documentation","As a Man Thinketh PDF strategy content"
"/Users/steven/Documents/As-a-Man-Thinketh/AS_A_MAN_THINKETH_pdf_tactic","PDF Tactic","/Users/steven/Documents/As-a-Man-Thinketh/AS_A_MAN_THINKETH_pdf_tactic","Documentation","As a Man Thinketh PDF tactic content"
"/Users/steven/Documents/As-a-Man-Thinketh/AS_A_MAN_THINKETH_pdf_plan","PDF Plan","/Users/steven/Documents/As-a-Man-Thinketh/AS_A_MAN_THINKETH_pdf_plan","Documentation","As a Man Thinketh PDF plan content"
"/Users/steven/Documents/As-a-Man-Thinketh/AS_A_MAN_THINKETH_pdf_schedule","PDF Schedule","/Users/steven/Documents/As-a-Man-Thinketh/AS_A_MAN_THINKETH_pdf_schedule","Documentation","As a Man Thinketh PDF schedule content"
"/Users/steven/Documents/As-a-Man-Thinketh/AS_A_MAN_THINKETH_pdf_calendar","PDF Calendar","/Users/steven/Documents/As-a-Man-Thinketh/AS_A_MAN_THINKETH_pdf_calendar","Documentation","As a Man Thinketh PDF calendar content"
"/Users/steven/Documents/As-a-Man-Thinketh/AS_A_MAN_THINKETH_pdf_time","PDF Time","/Users/steven/Documents/As-a-Man-Thinketh/AS_A_MAN_THINKETH_pdf_time","Documentation","As a Man Thinketh PDF time content"
"/Users/steven/Documents/As-a-Man-Thinketh/AS_A_MAN_THINKETH_pdf_date","PDF Date","/Users/steven/Documents/As-a-Man-Thinketh/AS_A_MAN_THINKETH_pdf_date","Documentation","As a Man Thinketh PDF date content"
"/Users/steven/Documents/As-a-Man-Thinketh/AS_A_MAN_THINKETH_pdf_year","PDF Year","/Users/steven/Documents/As-a-Man-Thinketh/AS_A_MAN_THINKETH_pdf_year","Documentation","As a Man Thinketh PDF year content"
"/Users/steven/Documents/As-a-Man-Thinketh/AS_A_MAN_THINKETH_pdf_month","PDF Month","/Users/steven/Documents/As-a-Man-Thinketh/AS_A_MAN_THINKETH_pdf_month","Documentation","As a Man Thinketh PDF month content"
"/Users/steven/Documents/As-a-Man-Thinketh/AS_A_MAN_THINKETH_pdf_day","PDF Day","/Users/steven/Documents/As-a-Man-Thinketh/AS_A_MAN_THINKETH_pdf_day","Documentation","As a Man Thinketh PDF day content"
"/Users/steven/Documents/As-a-Man-Thinketh/AS_A_MAN_THINKETH_pdf_hour","PDF Hour","/Users/steven/Documents/As-a-Man-Thinketh/AS_A_MAN_THINKETH_pdf_hour","Documentation","As a Man Thinketh PDF hour content"
"/Users/steven/Documents/As-a-Man-Thinketh/AS_A_MAN_THINKETH_pdf_minute","PDF Minute","/Users/steven/Documents/As-a-Man-Thinketh/AS_A_MAN_THINKETH_pdf_minute","Documentation","As a Man Thinketh PDF minute content"
"/Users/steven/Documents/As-a-Man-Thinketh/AS_A_MAN_THINKETH_pdf_second","PDF Second","/Users/steven/Documents/As-a-Man-Thinketh/AS_A_MAN_THINKETH_pdf_second","Documentation","As a Man Thinketh PDF second content"
"/Users/steven/Documents/As-a-Man-Thinketh/AS_A_MAN_THINKETH_pdf_millisecond","PDF Millisecond","/Users/steven/Documents/As-a-Man-Thinketh/AS_A_MAN_THINKETH_pdf_millisecond","Documentation","As a Man Thinketh PDF millisecond content"
"/Users/steven/Documents/As-a-Man-Thinketh/AS_A_MAN_THINKETH_pdf_microsecond","PDF Microsecond","/Users/steven/Documents/As-a-Man-Thinketh/AS_A_MAN_THINKETH_pdf_microsecond","Documentation","As a Man Thinketh PDF microsecond content"
"/Users/steven/Documents/As-a-Man-Thinketh/AS_A_MAN_THINKETH_pdf_nanosecond","PDF Nanosecond","/Users/steven/Documents/As-a-Man-Thinketh/AS_A_MAN_THINKETH_pdf_nanosecond","Documentation","As a Man Thinketh PDF nanosecond content"
"/Users/steven/Documents/As-a-Man-Thinketh/AS_A_MAN_THINKETH_pdf_picosecond","PDF Picosecond","/Users/steven/Documents/As-a-Man-Thinketh/AS_A_MAN_THINKETH_pdf_picosecond","Documentation","As a Man Thinketh PDF picosecond content"
"/Users/steven/Documents/As-a-Man-Thinketh/AS_A_MAN_THINKETH_pdf_femtosecond","PDF Femtosecond","/Users/steven/Documents/As-a-Man-Thinketh/AS_A_MAN_THINKETH_pdf_femtosecond","Documentation","As a Man Thinketh PDF femtosecond content"
"/Users/steven/Documents/As-a-Man-Thinketh/AS_A_MAN_THINKETH_pdf_attosecond","PDF Attosecond","/Users/steven/Documents/As-a-Man-Thinketh/AS_A_MAN_THINKETH_pdf_attosecond","Documentation","As a Man Thinketh PDF attosecond content"
"/Users/steven/Documents/As-a-Man-Thinketh/AS_A_MAN_THINKETH_pdf_zeptosecond","PDF Zeptosecond","/Users/steven/Documents/As-a-Man-Thinketh/AS_A_MAN_THINKETH_pdf_zeptosecond","Documentation","As a Man Thinketh PDF zeptosecond content"
"/Users/steven/Documents/As-a-Man-Thinketh/AS_A_MAN_THINKETH_pdf_yoctosecond","PDF Yoctosecond","/Users/steven/Documents/As-a-Man-Thinketh/AS_A_MAN_THINKETH_pdf_yoctosecond","Documentation","As a Man Thinketh PDF yoctosecond content"
"/Users/steven/Documents/As-a-Man-Thinketh/AS_A_MAN_THINKETH_pdf_epoch","PDF Epoch","/Users/steven/Documents/As-a-Man-Thinketh/AS_A_MAN_THINKETH_pdf_epoch","Documentation","As a Man Thinketh PDF epoch content"
"/Users/steven/Documents/As-a-Man-Thinketh/AS_A_MAN_THINKETH_pdf_period","PDF Period","/Users/steven/Documents/As-a-Man-Thinketh/AS_A_MAN_THINKETH_pdf_period","Documentation","As a Man Thinketh PDF period content"
"/Users/steven/Documents/As-a-Man-Thinketh/AS_A_MAN_THINKETH_pdf_age","PDF Age","/Users/steven/Documents/As-a-Man-Thinketh/AS_A_MAN_THINKETH_pdf_age","Documentation","As a Man Thinketh PDF age content"
"/Users/steven/Documents/As-a-Man-Thinketh/AS_A_MAN_THINKETH_pdf_era","PDF Era","/Users/steven/Documents/As-a-Man-Thinketh/AS_A_MAN_THINKETH_pdf_era","Documentation","As a Man Thinketh PDF era content"
"/Users/steven/Documents/As-a-Man-Thinketh/AS_A_MAN_THINKETH_pdf_century","PDF Century","/Users/steven/Documents/As-a-Man-Thinketh/AS_A_MAN_THINKETH_pdf_century","Documentation","As a Man Thinketh PDF century content"
"/Users/steven/Documents/As-a-Man-Thinketh/AS_A_MAN_THINKETH_pdf_millennium","PDF Millennium","/Users/steven/Documents/As-a-Man-Thinketh/AS_A_MAN_THINKETH_pdf_millennium","Documentation","As a Man Thinketh PDF millennium content"
"/Users/steven/Documents/As-a-Man-Thinketh/AS_A_MAN_THINKETH_pdf_generation","PDF Generation","/Users/steven/Documents/As-a-Man-Thinketh/AS_A_MAN_THINKETH_pdf_generation","Documentation","As a Man Thinketh PDF generation content"