File,Project,Word Count,Headers,Grade
/Users/steven/tehSiTes/multimedia-workflows/04-analysis-reports/multimedia-workflow-analysis.md,multimedia-workflow-analysis,    4075,135,A+
/Users/steven/tehSiTes/multimedia-workflows/04-analysis-reports/organized-multimedia-analysis.md,organized-multimedia-analysis,    5800,212,A+
/Users/steven/tehSiTes/multimedia-workflows/04-analysis-reports/detailed-narrative-report.md,detailed-narrative-report,    3589,110,A+
/Users/steven/tehSiTes/multimedia-workflows/README.md,README,    4591,141,A+
/Users/steven/tehSiTes/multimedia-workflows/01-ai-analysis-system/README.md,README,    2443,77,A+
/Users/steven/tehSiTes/multimedia-workflows/02-product-creation-system/README.md,README,    2561,81,A+
/Users/steven/tehSiTes/ai-creator-tools-2025/multimedia-workflow-analysis.md,multimedia-workflow-analysis,    6981,226,A+
/Users/steven/tehSiTes/ai-creator-tools-2025/README.md,README,    8690,268,A+
/Users/steven/tehSiTes/ai-creator-tools-2025/Project-Centric-Reorganization-Plan.md,Project-Centric-Reorganization-Plan,    6535,216,A+
/Users/steven/tehSiTes/ai-creator-tools-2025/Documents-Organization-Strategies.md,Documents-Organization-Strategies,    6624,226,A+
/Users/steven/tehSiTes/ai-creator-tools-2025/detailed-narrative-report.md,detailed-narrative-report,    6461,199,A+
/Users/steven/tehSiTes/Steven Chaplinski - Unified Creative Automation WorkspaceREADME.md,Steven Chaplinski - Unified Creative Automation WorkspaceREADME,    1689,36,A+
/Users/steven/tehSiTes/steven-creative-business/COMPLETE_SYSTEM_OVERVIEW.md,COMPLETE_SYSTEM_OVERVIEW,    3515,113,A+
/Users/steven/tehSiTes/steven-creative-business/products/digital-products.md,digital-products,    3555,115,A+
/Users/steven/tehSiTes/steven-creative-business/README.md,README,    1062,28,A+
/Users/steven/tehSiTes/steven-creative-business/services/service-packages.md,service-packages,    3200,106,A+
/Users/steven/tehSiTes/simplegallery-bin/waLL-art.md,waLL-art,    1372,23,A+
/Users/steven/tehSiTes/CONTENT_AWARE_CHAT_ANALYSIS/03_Code_Extractions/configuration/configuration_ANALYSIS.md,configuration_ANALYSIS,    1027,23,A+
/Users/steven/tehSiTes/CONTENT_AWARE_CHAT_ANALYSIS/03_Code_Extractions/shell_script/shell_script_ANALYSIS.md,shell_script_ANALYSIS,     990,23,A
/Users/steven/tehSiTes/CONTENT_AWARE_CHAT_ANALYSIS/03_Code_Extractions/imports/imports_ANALYSIS.md,imports_ANALYSIS,    1018,23,A+
