KEYWORD,OCCURRENCES,OVERALL,COMPETITION,VOLUME
make money online,9,73.58,43.2,84.77
youtube shorts,8,66.66,60,84.43
youtube money,6,54.4,47,55.34
youtube shorts partner program,5,55.69,27.3,44.35
YouTube monetization,5,61.06,53,70.43
YouTube partner program,4,53.98,53,58.64
How to make money from youtube shorts,4,62.75,37.8,63.12
how to make viral YouTube shorts,4,55.87,49,59.12
YouTube shorts monetization,4,65.62,50,76.03
youtube partner program,4,53.98,53,58.64
finance,4,66.63,68,89.71
how to make viral shorts,3,58.95,56.1,68.98
make money from youtube shorts,2,51.3,42.5,47.17
shorts partner program,2,53.21,37.5,47.02
opening a shorts channel,2,19,52.5,0
youtube shorts monetization,2,65.62,50,76.03
how to make money on youtube shorts,2,61.23,45.7,65.85
how to make money on youtube,2,64.39,44.5,70.31
how to make money from YouTube shorts,1,62.75,37.8,63.12
how to make money from Youtube shorts,1,62.75,37.8,63.12
how to make a viral YouTube shorts channel,1,49.71,44,45.51
how to make a viral shorts channel,1,49.17,44,44.61
youtube monetization program,1,50.22,45.5,47.36
how to make money from youtube,1,58.34,49,63.23
income from youtube shorts,1,51.14,42,46.57
how to make money from shorts,1,60.57,32.3,55.81
how i went viral on youtube shorts,1,50.54,42,45.57
i tried youtube shorts for 24 hours,1,52.78,38.5,46.96
how to go viral on youtube shorts,1,60.42,30,54.03
youtube short money,1,48.61,49,47.02
Youtube short monetization,1,50.76,43.5,46.94
youtube automation,1,79.46,34.5,88.77
money,1,69.21,62,90.02
content money,1,53.32,35,45.53
online money,1,61.34,34.7,58.71
make money,1,65.7,54.5,79.17
how to make money from youtube shorts,1,62.75,37.8,63.12
making money from youtube shorts,1,55.69,35.5,49.82
youtube shorts make money,1,53.53,39,48.55
how to make youtube shorts,1,62.34,48,69.24
viral youtube video creation,1,21.8,45.5,0
how to create a viral youtube channel,1,53.65,33.4,45.01
youtube shorts money,1,53.06,57.5,60.1
how to go viral using youtube shorts,1,50.59,42,45.65
youtube shorts results,1,58.6,27.1,49.07
how to make money using youtube,1,56.62,31,48.37
how to make a viral channel,1,50.98,40.5,45.31
monetization,1,57.09,52.4,63.41
money online,1,56.23,53,62.38
Make money using youtube,1,51.61,41.5,47.01
making money on youtube,1,54.31,42,51.84
youtube channel monetization,1,58.78,50.5,64.96
monetization youtube shorts,1,52.66,36.8,45.63
you tube shorts,1,47.45,58.5,51.42
shorts channel,1,55.22,55,62.03
viral youtube shorts,1,55.09,45.5,55.48
side hussle,1,47.11,52.6,46.92
money youtube,1,49.11,51.5,49.52
how to make viral youtube shorts,1,55.87,49,59.12